SMILES,True_Label,Predicted,Predicted_Rounded,Error
CCCCCCCC\C=C/CCCCCCCCNC(=O)C(CCCCCOC(=O)CCCCCCCCC#C)NN1CCCCC1,6,-38561.892111862166,1,5
CCCCCCCC\C=C/CCCCCCCCNC(=O)C(CCCCCOC(=O)CCCCCCCC)NCCN(CCN)CCN,7,-39739.29376095523,1,6
CCCCCCCCCCCCCCNC(=O)C(CCCCCOC(=O)CCCCCCC\C=C/CCCCCCCC)NCCN(CC)CC,8,-41945.500690744586,1,7
CCCCCCCCCCCCNC(=O)C(CCCCCOC(=O)\C=C\CCCCCCC)NCC1CCCN1CC,3,-34548.52765465043,1,2
CCCCCCCCCCCCCCNC(=O)C(CCCCCOC(=O)CCCCCCCCC)NCCN(CCN)CCN,5,-37289.56978407545,1,4
CCCCCCCCCCCCCCCCCCNC(=O)C(CCCCCOC(=O)CCCCCCC\C=C/C\C=C/CCCCC)NC1=CNN=C1,3,-43599.87210254094,1,2
CCCCCCCCCCCCCCCCNC(=O)C(CCCCCOC(=O)CCCCCCC\C=C/CCCCCCCC)NCCCN(C)C,3,-42766.0476024998,1,2
CCCCCCCCCCCCCCCCCCNC(=O)C(CCCCCOC(=O)CCCCCCCCCCCCCCC)NCCCN1CCCC1,6,-44408.03523875247,1,5
CCCCCCCCCCCCCCCCCCNC(=O)C(CCCCCOC(=O)CCCCCCC\C=C/CCCCCCCC)NCCN1CCCC1,4,-45215.79169016628,1,3
CCCCCCCCCCCCCCCCCCNC(=O)C(CCCCCOC(=O)\C=C\CCCCCCC)NCCN1CCNCC1,2,-39599.13498484516,1,1
CCCCCCCCCCCCNC(=O)C(CCCCCOC(=O)CCCCCCC\C=C/C\C=C/CCCCC)NCCN(CC)CC,5,-40292.90349724157,1,4
CCCCCCCC\C=C/CCCCCCCCNC(=O)C(CCCCCOC(=O)\C=C\CCCCCCC)NCCN1CCCC1,6,-38638.77788394933,1,5
CCCCCCCCCCC(=O)OCCCCCC(NCCN1CCNCC1)C(=O)NCCCCCCCC\C=C/CCCCCCCC,4,-40419.61932970841,1,3
CCCCCCCCCCCCCCCC(=O)OCCCCCC(NCCCN1CCOCC1)C(=O)NCCCCCCCC\C=C/CCCCCCCC,6,-45473.57622315466,1,5
CCCCCCCCCCCCCCCCCCNC(=O)C(CCCCCOC(=O)CCCCCCCCC=C)NN1CCOCC1,5,-38842.08453029841,1,4
CCCCCCCCCCCCNC(=O)C(CCCCCOC(=O)CCCCCCCC)NCCCN(C)C,4,-32110.648931137137,1,3
CCCCCCCC\C=C/CCCCCCCCNC(=O)C(CCCCCOC(=O)CCCCCCCC)NCCCN1CCOCC1,6,-39729.417130153524,1,5
CCCCCCCCCCCCCCCCCCNC(=O)C(CCCCCOC(=O)CCC(C)CCCCC)NN1CCOCC1,5,-38033.64878120049,1,4
CCCCCCCCCCCCCCNC(=O)C(CCCCCOC(=O)CCCCCCCCC=C)NCCCN1CCCC1,6,-37010.671159583595,1,5
CCCCCCCCCCCCCCCCCCNC(=O)C(CCCCCOC(=O)CCCCCCCCCCCCCCCCC)NCCN(CC)CC,6,-45240.27769023985,1,5
CCCCCCCC\C=C/CCCCCCCCNC(=O)C(CCCCCOC(=O)CCCCCCCCC#C)NCCN1CCCC1,6,-39448.009126387835,1,5
CCCCCCCCCCCCCCNC(=O)C(CCCCCOC(=O)\C=C\CCCCCCC)NC1CCNCC1,3,-34548.76004596342,1,2
CCCCCCCCCCCCNC(=O)C(CCCCCOC(=O)\C=C\CCCCCCC)NN1CCCCC1,6,-32842.22125346644,1,5
CCCCCCCCCCCCCCCCCCNC(=O)C(CCCCCOC(=O)CCCCCCCCC)NCCCN1CCCC1,6,-39484.45434095252,1,5
CCCCCCCCCCCCNC(=O)C(CCCCCOC(=O)CCCCCCCCC#C)NCCN1CCNCC1,3,-35484.8411927801,1,2
CCCCCCCCCCCCCCNC(=O)C(CCCCCOC(=O)CCCCCCC\C=C/CCCCCCCC)NCCCN(CC)CC,7,-42766.49450887092,1,6
CCCCCCCCCCCCCCCCCCNC(=O)C(CCCCCOC(=O)\C=C\CCCCCCC)NCCN1CCNCC1,3,-39599.13498484516,1,2
CCCCCCCC\C=C/CCCCCCCCNC(=O)C(CCCCCOC(=O)CCCCCCCC)NCCCN(CCCC)CCCC,8,-41945.06272250089,1,7
CCCCCCCCCCCCCCCCCC(=O)OCCCCCC(NCCCN(CC)CC)C(=O)NCCCCCCCCCCCCCC,6,-42778.851470032336,1,5
CCCCCCCCCCCCCCCCCC(=O)OCCCCCC(NCCN(CC)CC)C(=O)NCCCCCCCCCCCCCC,6,-41957.87552816085,1,5
CCCCCCCCCCCCCCNC(=O)C(CCCCCOC(=O)\C=C\CCCCCCC)NCCN(CC)CC,5,-35380.71871190514,1,4
CCCCCCCCCCCCCCCCCCNC(=O)C(CCCCCOC(=O)CCCCCCCCC=C)NC1CCNCC1,2,-38651.96162189732,1,1
CCCCCCCCCCCCCCCCNC(=O)C(CCCCCOC(=O)CCCCCCC\C=C/C\C=C/CCCCC)NCCN(CCN)CCN,4,-45471.75731422421,1,3
CCCCCCCCCCCCCCCCCC(=O)OCCCCCC(NN1CCCCC1)C(=O)NCCCCCCCC\C=C/CCCCCCCC,6,-44329.120511740424,1,5
CCCCCCCCCCCCCCCCCCNC(=O)C(CCCCCOC(=O)CCCCCCCC)NCCN1CCCC1,7,-37842.80188447819,1,6
CCCCCCCCCCCCCCCCNC(=O)C(CCCCCOC(=O)CCCCCCC\C=C/CCCCCCCC)NCCN(C)C,4,-41945.02250092749,1,3
CCCCCCCCCCCCCCCC(=O)OCCCCCC(NCCCN(C)CCCN)C(=O)NCCCCCCCC\C=C/CCCCCCCC,2,-45356.47334673057,1,1
CCCCCCCCCCCCNC(=O)C(CCCCCOC(=O)CCCCCCC\C=C/C\C=C/CCCCC)NC1=CC(C)=NN1C,2,-40251.975811774566,1,1
CCCCCCCCCCCCCCCCNC(=O)C(CCCCCOC(=O)CCCCCCCCCCCCCCC)NCCN1CCCC1,5,-41945.759896439835,1,4
CCCCCCCCCCCCNC(=O)C(CCCCCOC(=O)CCCCCCCC)NCCN(CCN)CCN,5,-34827.77710064362,1,4
CCCCCCCCCCCCCCNC(=O)C(CCCCCOC(=O)CCCCCCC\C=C/C\C=C/CCCCC)NCCN(C)C,5,-40292.43424555189,1,4
CCCCCCCCCCCCCCCCNC(=O)C(CCCCCOC(=O)CCCCCCCCCC)NN1CCOCC1,4,-37212.7935040492,1,3
CCCCCCCCCCCCCCNC(=O)C(CCCCCOC(=O)CCCCCCC\C=C/CCCCCCCC)NCCN1CCNCC1,3,-42881.40307501282,1,2
CCCCCCCCCCCCCCCC(=O)OCCCCCC(NCCN(C(C)C)C(C)C)C(=O)NCCCCCCCC\C=C/CCCCCCCC,6,-45226.74536532239,1,5
CCCCCCCCCCCCCCCCCC(=O)OCCCCCC(NCCCN(C)C)C(=O)NCCCCCCCCCCCCCCCC,5,-42778.43137804348,1,4
CCCCCCCC\C=C/CCCCCCCCNC(=O)C(CCCCCOC(=O)CCCCCCCCC#C)NCC1CCCN1CC,2,-40268.904625112526,1,1
CCCCCCCCCCCCCCNC(=O)C(CCCCCOC(=O)CCCCCCCCCC)NC1CCN(C)CC1,3,-36202.58176292329,1,2
CCCCCCCCCCCCCCNC(=O)C(CCCCCOC(=O)CCCCCCCCC#C)NCCCN(C)CCCN,3,-37959.92710622084,1,2
CCCCCCCCCCCCNC(=O)C(CCCCCOC(=O)CCCCCCCCCC)NC1=CNN=C1,7,-32956.059478849515,1,6
CCCCCCCCCCCCCCCCNC(=O)C(CCCCCOC(=O)CCCCCCCCCC)NN1CCCCC1,5,-36956.20891466728,1,4
CCCCCCCCCCCCCCNC(=O)C(CCCCCOC(=O)CCCCCCCCC=C)NC1CCN(C)CC1,5,-36190.5555124765,1,4
CCCCCCCC\C=C/CCCCCCCCNC(=O)C(CCCCCOC(=O)CCCCCCC\C=C/CCCCCCCC)NCCCN1CCCC1,9,-46024.4687687046,1,8
CCCCCCCCCCCCCCNC(=O)C(CCCCCOC(=O)CCCCCCC\C=C/CCCCCCCC)NCCCN(CCCC)CCCC,3,-46048.06542509964,1,2
CCCCCCCC\C=C/CCCCCCCCNC(=O)C(CCCCCOC(=O)\C=C\CCCCCCC)NCC1CCCN1CC,3,-39459.68232080144,1,2
CCCCCCCC\C=C/CCCCCCCCNC(=O)C(CCCCCOC(=O)CCCCCCC\C=C/CCCCCCCC)NCCN(CCN)CCN,4,-47112.29250477075,1,3
CCCCCCCCCCCCCCCCCCNC(=O)C(CCCCCOC(=O)\C=C\CCCCCCC)NN1CCOCC1,5,-38022.2616068644,1,4
CCCCCCCCCCCCCCCCCCNC(=O)C(CCCCCOC(=O)CCCCCCC\C=C/C\C=C/CCCCC)NCCCN(CC)CC,3,-46037.460336913005,1,2
CCCCCCCCCCCCCCCC(=O)OCCCCCC(NC1=CC(C)=NN1C)C(=O)NCCCCCCCCCCCC,6,-38634.416077767215,1,5
CCCCCCCCCCCCCCCCNC(=O)C(CCCCCOC(=O)CCCCCCCCCC)NCCCN(CCCC)CCCC,3,-41957.428621789724,1,2
CCCCCCCCCCCCCCCCCCNC(=O)C(CCCCCOC(=O)CCCCCCC\C=C/CCCCCCCC)NCCN(C)C,2,-43586.23698915812,1,1
CCCCCCCCCCCCNC(=O)C(CCCCCOC(=O)CCCCCCCC)NCC1CCCN1CC,3,-33740.16117604004,1,2
CCCCCCCCCCCCCCCCCC(=O)OCCCCCC(NCCN(CC)CC)C(=O)NCCCCCCCC\C=C/CCCCCCCC,7,-45227.91179095101,1,6
CCCCCCCC\C=C/CCCCCCCCNC(=O)C(CCCCCOC(=O)CCCCCCCC)NCCCN(CC)CC,6,-38663.51415159072,1,5
CCCCCCCCCCCCCCNC(=O)C(CCCCCOC(=O)\C=C\CCCCCCC)NCCN1CCCCC1,6,-36189.38238325232,1,5
CCCCCCCCCCCCCCCC(=O)OCCCCCC(NCC1CCCN1CC)C(=O)NCCCCCCCCCCCC,2,-39484.280047467786,1,1
CCCCCCCCCCCCCCCCNC(=O)C(CCCCCOC(=O)CCCCCCCCC#C)NN1CCCCC1,4,-36932.97201790099,1,3
CCCCCCCCCCCCCCCCNC(=O)C(CCCCCOC(=O)\C=C\CCCCCCC)NC1CCNCC1,3,-36189.92090542951,1,2
CCCCCCCCCCCCCCNC(=O)C(CCCCCOC(=O)CCCCCCCCCC)NCCN(C)C,4,-34572.032695239395,1,3
CCCCCCCCCCCCCCCCCCNC(=O)C(CCCCCOC(=O)CCCCCCCCC)NC1CCNCC1,4,-37843.35604837838,1,3
CCCCCCCCCCCCNC(=O)C(CCCCCOC(=O)CCCCCCC\C=C/C\C=C/CCCCC)NN1CCCCC1,3,-39394.45186687304,1,2
CCCCCCCC\C=C/CCCCCCCCNC(=O)C(CCCCCOC(=O)CCC(C)CCCCC)NN1CCOCC1,5,-38021.4214228867,1,4
CCCCCCCCCCCCNC(=O)C(CCCCCOC(=O)CCCCCCCCC=C)NCCCN1CCCC1,4,-35369.46337494852,1,3
CCCCCCCC\C=C/CCCCCCCCNC(=O)C(CCCCCOC(=O)CCCCCCC\C=C/CCCCCCCC)NC1CCN(C)CC1,2,-45204.341948938236,1,1
CCCCCCCCCCCCCCCCNC(=O)C(CCCCCOC(=O)CCCCCCC\C=C/CCCCCCCC)NCCN(CC)CC,7,-43586.701771784086,1,6
CCCCCCCCCCCCCCCCNC(=O)C(CCCCCOC(=O)\C=C\CCCCCCC)NCCCN1CCCC1,3,-37830.949927516136,1,2
CCCCCCCCCCCCNC(=O)C(CCCCCOC(=O)CCCCCCCCCC)NN1CCOCC1,3,-33930.514241222256,1,2
CCCCCCCCCCCCNC(=O)C(CCCCCOC(=O)CCC(C)CCCCC)NCCN1CCCC1,7,-33740.09190555252,1,6
CCCCCCCC\C=C/CCCCCCCCNC(=O)C(CCCCCOC(=O)\C=C\CCCCCCC)NCCN(CC)CC,6,-38650.790727204985,1,5
CCCCCCCCCCCCNC(=O)C(CCCCCOC(=O)CCCCCCCCC#C)NCCCN(CC)CC,3,-35369.963910084174,1,2
CCCCCCCCCCCCCCNC(=O)C(CCCCCOC(=O)CCCCCCCCC=C)NCCN(C)C,5,-34560.01314838817,1,4
CCCCCCCCCCCCCCCCCCNC(=O)C(CCCCCOC(=O)CCCCCCC\C=C/C\C=C/CCCCC)NCCN(CC)CC,5,-45216.470987850385,1,4
CCCCCCCCCCCCNC(=O)C(CCCCCOC(=O)\C=C\CCCCCCC)NCCCN(C)C,5,-32918.95507738743,1,4
CCCCCCCCCCCCCCCCNC(=O)C(CCCCCOC(=O)CCCCCCCCCC)NCCN1CCCC1,5,-37842.806353541906,1,4
CCCCCCCCCCCCNC(=O)C(CCCCCOC(=O)CCCCCCC\C=C/C\C=C/CCCCC)NCCN1CCCC1,5,-40280.80127271169,1,4
CCCCCCCC\C=C/CCCCCCCCNC(=O)C(CCCCCOC(=O)CCCCCCC\C=C/CCCCCCCC)NC1CCNCC1,2,-44383.36153800304,1,1
CCCCCCCCCCCCCCCCCCNC(=O)C(CCCCCOC(=O)CCCCCCCCCC)NN1CCCCC1,5,-38597.3586014741,1,4
CCCCCCCCCCCCNC(=O)C(CCCCCOC(=O)CCCCCCCCC)NCCCN1CCCC1,4,-34560.90696113041,1,3
CCCCCCCCCCCCCCNC(=O)C(CCCCCOC(=O)CCCCCCCCC)NN1CCCCC1,5,-34494.52348876451,1,4
CCCCCCCCCCCCCCCC(=O)OCCCCCC(NCCCN(CC)CC)C(=O)NCCCCCCCCCCCC,4,-39496.47165327189,1,3
CCCCCCCCCCCCCCCCCCNC(=O)C(CCCCCOC(=O)CCC(C)CCCCC)NCCN(C(C)C)C(C)C,6,-40315.8163868888,1,5
CCCCCCCCCCCCCCCCNC(=O)C(CCCCCOC(=O)\C=C\CCCCCCC)NCCN(CCN)CCN,4,-38918.49211256848,1,3
CCCCCCCC\C=C/CCCCCCCCNC(=O)C(CCCCCOC(=O)\C=C\CCCCCCC)NCC1CCCN1CC,3,-39459.68232080144,1,2
CCCCCCCCCCCCNC(=O)C(CCCCCOC(=O)CCC(C)CCCCC)NCCN(C)C,4,-32110.54614267178,1,3
CCCCCCCC\C=C/CCCCCCCCNC(=O)C(CCCCCOC(=O)CCCCCCC\C=C/C\C=C/CCCCC)NCCN1CCCCC1,2,-46012.57212110543,1,1
CCCCCCCCCCCCCCCCCCNC(=O)C(CCCCCOC(=O)CCCCCCCCC#C)NCCN(CC)CC,5,-39472.54875522594,1,4
CCCCCCCC\C=C/CCCCCCCCNC(=O)C(CCCCCOC(=O)CCCCCCCCC#C)NCCCN1CCOCC1,6,-41346.88748288665,1,5
CCCCCCCCCCCCCCCCNC(=O)C(CCCCCOC(=O)CCC(C)CCCCC)NCC1CCCN1CC,2,-37843.373924633226,1,1
CCCCCCCCCCCCNC(=O)C(CCCCCOC(=O)CCCCCCCCC=C)NCCN(C(C)C)C(C)C,6,-36200.53269721172,1,5
CCCCCCCCCCCCCCNC(=O)C(CCCCCOC(=O)\C=C\CCCCCCC)NCCCN1CCOCC1,5,-37267.93951571333,1,4
CCCCCCCCCCCCCCCCNC(=O)C(CCCCCOC(=O)CCCCCCCC)NCCCN(C)C,5,-35393.05556227985,1,4
CCCCCCCCCCCCCCCCNC(=O)C(CCCCCOC(=O)CCCCCCCC)NCCCN(CCCC)CCCC,6,-40316.23200981394,1,5
CCCCCCCCCCCCCCCCCCNC(=O)C(CCCCCOC(=O)CCCCCCCCCCCCCCCCC)NN1CCOCC1,5,-44597.93022490429,1,4
CCCCCCCCCCCCCCCCCCNC(=O)C(CCCCCOC(=O)CCCCCCCCCC)NCCN1CCCC1,5,-39483.967213008,1,4
CCCCCCCCCCCCCCNC(=O)C(CCCCCOC(=O)CCCCCCC\C=C/C\C=C/CCCCC)NCCN(CCN)CCN,5,-43830.560702248426,1,4
CCCCCCCCCCCCNC(=O)C(CCCCCOC(=O)CCCCCCCCC#C)NC1=CC(C)=NN1C,6,-34508.055813681975,1,5
CCCCCCCCCCCCCCCCCCNC(=O)C(CCCCCOC(=O)\C=C\CCCCCCC)NC1CCNCC1,2,-37831.016963471804,1,1
CCCCCCCCCCCCCCNC(=O)C(CCCCCOC(=O)CCCCCCC\C=C/CCCCCCCC)NC1=CC(C)=NN1C,2,-41904.51490744934,1,1
CCCCCCCCCCCCNC(=O)C(CCCCCOC(=O)CCCCCCCCCC)NCCCN(CCCC)CCCC,4,-38675.05774315671,1,3
CCCCCCCCCCCCCCCCNC(=O)C(CCCCCOC(=O)\C=C\CCCCCCC)NCCN(CCN)CCN,5,-38918.49211256848,1,4
CCCCCCCCCCCCCCCCCCNC(=O)C(CCCCCOC(=O)CCCCCCCCC=C)NCCN(CC)CC,5,-39484.06106334594,1,4
CCCCCCCCCCCCCCCCCCNC(=O)C(CCCCCOC(=O)CCCCCCCCC)NCC1CCCN1CC,5,-39484.280047467786,1,4
CCCCCCCCCCCCCCCCCC(=O)OCCCCCC(NC1=CNN=C1)C(=O)NCCCCCCCCCCCCCC,5,-40341.48221978211,1,4
CCCCCCCCCCCCCCCCCCNC(=O)C(CCCCCOC(=O)\C=C\CCCCCCC)NC1CCNCC1,2,-37831.016963471804,1,1
CCCCCCCCCCCCCCCCCCNC(=O)C(CCCCCOC(=O)CCCCCCCCCC)NCCCN(C)C,4,-38675.44208263586,1,3
CCCCCCCCCCCCCCCCCCNC(=O)C(CCCCCOC(=O)CCCCCCCCCCCCCCC)NCCN(C(C)C)C(C)C,6,-45239.14254805721,1,5
CCCCCCCCCCCCCCNC(=O)C(CCCCCOC(=O)CCCCCCCCC#C)NCCN(C(C)C)C(C)C,6,-37830.2170010675,1,5
CCCCCCCCCCCCCCCCCCNC(=O)C(CCCCCOC(=O)\C=C\CCCCCCC)NCCCN(CC)CC,5,-39484.09234679191,1,4
CCCCCCCCCCCCCCCCCCNC(=O)C(CCCCCOC(=O)CCCCCCCC)NCCCN1CCOCC1,6,-39741.78302944236,1,5
CCCCCCCCCCCCNC(=O)C(CCCCCOC(=O)\C=C\CCCCCCC)NC1=CNN=C1,6,-32125.05719254199,1,5
CCCCCCCCCCCCCCCCNC(=O)C(CCCCCOC(=O)CCCCCCCCC#C)NCCN(C(C)C)C(C)C,5,-39471.40914397958,1,4
CCCCCCCCCCCCCCCCNC(=O)C(CCCCCOC(=O)\C=C\CCCCCCC)NCCN(CC)CC,3,-37021.93096560391,1,2
CCCCCCCCCCC(=O)OCCCCCC(NCCN1CCCCC1)C(=O)NCCCCCCCC\C=C/CCCCCCCC,5,-40292.24207581231,1,4
CCCCCCCCCC(=O)OCCCCCC(NCCCN(CCCC)CCCC)C(=O)NCCCCCCCC\C=C/CCCCCCCC,9,-42765.690077402905,1,8
CCCCCCCC\C=C/CCCCCCCCNC(=O)C(CCCCCOC(=O)CCCCCCC\C=C/CCCCCCCC)NCCCN(C)C,3,-44394.851500804485,1,2
CCCCCCCCCCCCCCCCNC(=O)C(CCCCCOC(=O)\C=C\CCCCCCC)NCCN(C)C,3,-35380.26733647031,1,2
CCCCCCCC\C=C/CCCCCCCCNC(=O)C(CCCCCOC(=O)CCCCCCC\C=C/CCCCCCCC)NN1CCOCC1,2,-44573.46657014928,1,1
CCCCCCCCCCCCCCCCCC(=O)OCCCCCC(NCCCN1CCOCC1)C(=O)NCCCCCCCC\C=C/CCCCCCCC,5,-47114.76836606674,1,4
CCCCCCCCCCCCCCCCNC(=O)C(CCCCCOC(=O)CCCCCCCC)NN1CCOCC1,5,-35571.666162560934,1,4
CCCCCCCCCCCCCCCCNC(=O)C(CCCCCOC(=O)CCCCCCC\C=C/C\C=C/CCCCC)NCC1CCCN1CC,3,-44384.04530475085,1,2
CCCCCCCCCCCCCCCCNC(=O)C(CCCCCOC(=O)CCCCCCCCCC)NCCN(CCN)CCN,3,-39751.342356720575,1,2
CCCCCCCC\C=C/CCCCCCCCNC(=O)C(CCCCCOC(=O)CCCCCCCCC=C)NCCN(C)C,6,-37830.02483132792,1,5
CCCCCCCCCCCCNC(=O)C(CCCCCOC(=O)CCC(C)CCCCC)NCCCN(CCCC)CCCC,6,-37854.76109896931,1,5
CCCCCCCCCCCCCCNC(=O)C(CCCCCOC(=O)\C=C\CCCCCCC)NCCCN(CC)CC,4,-36201.71476456332,1,3
CCCCCCCCCCCCCCCCNC(=O)C(CCCCCOC(=O)CCCCCCCCC=C)NCCCN(CC)CC,3,-38663.876145751325,1,2
CCCCCCCCCCCCNC(=O)C(CCCCCOC(=O)CCC(C)CCCCC)NN1CCCCC1,3,-32853.637476716656,1,2
CCCCCCCCCCC(=O)OCCCCCC(NC1CCN(C)CC1)C(=O)NCCCCCCCC\C=C/CCCCCCCC,4,-39472.58003867191,1,3
CCCCCCCCCCCCNC(=O)C(CCCCCOC(=O)CCCCCCCCC#C)NCCN(C(C)C)C(C)C,6,-36189.000278305015,1,5
CCCCCCCCCCCCCCNC(=O)C(CCCCCOC(=O)CCCCCCCCC=C)NCCN1CCCCC1,6,-37010.21754961691,1,5
CCCCCCCC\C=C/CCCCCCCCNC(=O)C(CCCCCOC(=O)CCC(C)CCCCC)NCCCN1CCCC1,8,-39472.396807059755,1,7
CCCCCCCCCCCCCCNC(=O)C(CCCCCOC(=O)CCCCCCCCC#C)NCC1CCCN1CC,3,-36998.968916255864,1,2
CCCCCCCCCCCCCCCCCCNC(=O)C(CCCCCOC(=O)CCCCCCCCCCCCCCC)NN1CCOCC1,5,-42956.80511794788,1,4
CCCCCCCCCCCCCCNC(=O)C(CCCCCOC(=O)CCC(C)CCCCC)NC1=CC(C)=NN1C,4,-35352.29993576573,1,3
CCCCCCCCCCCCCCNC(=O)C(CCCCCOC(=O)CCCCCCCCC#C)NC1=CNN=C1,5,-34573.751050236344,1,4
CCCCCCCCCCCCCCCCCC(=O)OCCCCCC(NCCCN(C)CCCN)C(=O)NCCCCCCCCCCCCCC,2,-43727.61135059764,1,1
CCCCCCCCCCCCCCCCCCNC(=O)C(CCCCCOC(=O)CCCCCCCCCCCCCCCCC)NCCN1CCCCC1,6,-46048.789413420855,1,5
CCCCCCCCCCCCCCNC(=O)C(CCCCCOC(=O)CCCCCCC\C=C/C\C=C/CCCCC)NCCCN1CCCC1,8,-42743.05873876948,1,7
CCCCCCCCCCCCCCCCCCNC(=O)C(CCCCCOC(=O)CCCCCCCCC)NCCN1CCCC1,6,-38663.38901780681,1,5
CCCCCCCCCCCCCCCCNC(=O)C(CCCCCOC(=O)CCCCCCCCC=C)NC1CCNCC1,3,-37010.751602730394,1,2
CCCCCCCC\C=C/CCCCCCCCNC(=O)C(CCCCCOC(=O)\C=C\CCCCCCC)NCCCN(C)C,6,-37830.12761979328,1,5
CCCCCCCCCCCCNC(=O)C(CCCCCOC(=O)CCCCCCC\C=C/C\C=C/CCCCC)NCCCN1CCOCC1,3,-42179.71091265648,1,2
CCCCCCCCCCCCCCNC(=O)C(CCCCCOC(=O)CCCCCCCCC)NC1CCN(C)CC1,5,-35381.96781521241,1,4
CCCCCCCCCCCCCCCCNC(=O)C(CCCCCOC(=O)CCCCCCCCCC)NCCN1CCNCC1,4,-38790.797555148885,1,3
CCCCCCCCCCCCCCCCCC(=O)OCCCCCC(NC1=CNN=C1)C(=O)NCCCCCCCC\C=C/CCCCCCCC,6,-43611.6883069933,1,5
CCCCCCCCCCCCCCCC(=O)OCCCCCC(NCCN(C)C)C(=O)NCCCCCCCCCCCC,3,-37033.849958521634,1,2
CCCCCCCCCCCCCCCC(=O)OCCCCCC(NCCCN1CCCC1)C(=O)NCCCCCCCCCCCC,4,-39484.476686271075,1,3
CCCCCCCCCCCCCCNC(=O)C(CCCCCOC(=O)CCCCCCCCC)NCCCN(CC)CC,5,-36214.09854010701,1,4
CCCCCCCCCCCCCCNC(=O)C(CCCCCOC(=O)CCCCCCCC)NCCCN(CC)CC,5,-35393.50693771468,1,4
CCCCCCCCCCCCCCNC(=O)C(CCCCCOC(=O)CCCCCCCC)NC1CCNCC1,2,-33740.38909828931,1,1
CCCCCCCCCCCCCCCCCCNC(=O)C(CCCCCOC(=O)CCCCCCCCCCCCCCC)NCCN(CCN)CCN,6,-45495.51038784914,1,5
CCCCCCCCCCCCCCNC(=O)C(CCCCCOC(=O)CCCCCCCCC=C)NCC1CCCN1CC,3,-37010.516976885556,1,2
CCCCCCCCCCCCCCCCCCNC(=O)C(CCCCCOC(=O)CCC(C)CCCCC)NCCN(CCN)CCN,3,-40572.237855445266,1,2
CCCCCCCCCCCCCCCC(=O)OCCCCCC(NC1CCNCC1)C(=O)NCCCCCCCCCCCCCC,1,-39484.54819129046,1,0
CCCCCCCCCCCCCCCCCCNC(=O)C(CCCCCOC(=O)CCCCCCC\C=C/CCCCCCCC)NC1=CNN=C1,7,-43611.39781785208,1,6
CCCCCCCCCCCCCCCCCCNC(=O)C(CCCCCOC(=O)CCCCCCCCCC)NCCCN1CCCC1,7,-40305.06828866341,1,6
CCCCCCCC\C=C/CCCCCCCCNC(=O)C(CCCCCOC(=O)CCCCCCCCC=C)NCCN1CCCCC1,6,-40280.22923255666,1,5
CCCCCCCCCCCCCCCCCCNC(=O)C(CCCCCOC(=O)\C=C\CCCCCCC)NCCCN(CC)CC,6,-39484.09234679191,1,5
CCCCCCCCCCCCCCCCCCNC(=O)C(CCCCCOC(=O)\C=C\CCCCCCC)NCCN(C(C)C)C(C)C,5,-40303.164467522445,1,4
CCCCCCCCCCC(=O)OCCCCCC(NCCCN(C)CCCN)C(=O)NCCCCCCCC\C=C/CCCCCCCC,4,-41253.466175068104,1,3
CCCCCCCCCCCCCCCCCCNC(=O)C(CCCCCOC(=O)CCCCCCC\C=C/C\C=C/CCCCC)NC1CCN(C)CC1,2,-45205.34301920954,1,1
CCCCCCCCCCCCCCCCNC(=O)C(CCCCCOC(=O)CCCCCCCC)NCCCN(C)CCCN,3,-37983.4522575965,1,2
CCCCCCCCCCCCCCNC(=O)C(CCCCCOC(=O)CCCCCCCCC=C)NN1CCCCC1,5,-35303.20056730283,1,4
CCCCCCCCCCCCCCCCCC(=O)OCCCCCC(NCCCN1CCOCC1)C(=O)NCCCCCCCCCCCCCCCC,5,-45485.96446776206,1,4
CCCCCCCC\C=C/CCCCCCCCNC(=O)C(CCCCCOC(=O)CCCCCCC\C=C/C\C=C/CCCCC)NCCCN1CCCC1,5,-46012.98774403058,1,4
CCCCCCCCCCCCCCCCNC(=O)C(CCCCCOC(=O)CCCCCCCC)NCCCN1CCCC1,4,-37022.69517549853,1,3
CCCCCCCCCCCCCCCCCCNC(=O)C(CCCCCOC(=O)CCCCCCCCCCCCCCC)NCC1CCCN1CC,3,-44407.85647620402,1,2
CCCCCCCCCCCCCCNC(=O)C(CCCCCOC(=O)CCCCCCCCCC)NCCCN1CCCC1,6,-37022.697410030385,1,5
CCCCCCCCCCCCNC(=O)C(CCCCCOC(=O)CCCCCCC\C=C/C\C=C/CCCCC)NC1CCNCC1,3,-39460.77277234697,1,2
CCCCCCCCCCCCCCNC(=O)C(CCCCCOC(=O)CCCCCCCCCC)NCCN1CCCC1,3,-36201.60303797055,1,2
CCCCCCCCCC(=O)OCCCCCC(NCCCN1CCOCC1)C(=O)NCCCCCCCC\C=C/CCCCCCCC,8,-40550.017670673275,1,7
CCCCCCCCCCCCCCCCNC(=O)C(CCCCCOC(=O)\C=C\CCCCCCC)NCCN1CCNCC1,2,-37957.98753257019,1,1
CCCCCCCCCCCCCCNC(=O)C(CCCCCOC(=O)CCCCCCCCCC)NN1CCOCC1,3,-35571.67956975207,1,2
CCCCCCCCCCCCCCCCNC(=O)C(CCCCCOC(=O)CCCCCCCCC)NC1CCN(C)CC1,6,-37023.15772359263,1,5
CCCCCCCCCCCCCCNC(=O)C(CCCCCOC(=O)CCCCCCCCC)NCCCN(C)C,6,-34572.443849100826,1,5
CCCCCCCC\C=C/CCCCCCCCNC(=O)C(CCCCCOC(=O)\C=C\CCCCCCC)NC1=CC(C)=NN1C,7,-38611.856244153176,1,6
CCCCCCCCCCCCCCCCNC(=O)C(CCCCCOC(=O)CCCCCCCCC#C)NCCCN1CCCC1,3,-38640.002407406195,1,2
CCCCCCCC\C=C/CCCCCCCCNC(=O)C(CCCCCOC(=O)CCCCCCCCC=C)NCCCN(CC)CC,6,-40292.662167801165,1,5
CCCCCCCCCCCCNC(=O)C(CCCCCOC(=O)CCCCCCCCC=C)NCCCN(CCCC)CCCC,4,-38663.04489990105,1,3
CCCCCCCCCCCCNC(=O)C(CCCCCOC(=O)\C=C\CCCCCCC)NCCN(C(C)C)C(C)C,6,-35379.599211445486,1,5
CCCCCCCCCCCCCCCC(=O)OCCCCCC(NN1CCCCC1)C(=O)NCCCCCCCCCCCC,6,-37776.78934440033,1,5
CCCCCCCCCCCCCCNC(=O)C(CCCCCOC(=O)\C=C\CCCCCCC)NCCN1CCCC1,5,-35368.73044849989,1,4
CCCCCCCCCCCCCCCCCCNC(=O)C(CCCCCOC(=O)\C=C\CCCCCCC)NCC1CCCN1CC,3,-39471.905210051526,1,2
CCCCCCCCCCCCCCCCCCNC(=O)C(CCCCCOC(=O)CCCCCCCCC=C)NN1CCCCC1,5,-38585.4887682572,1,4
CCCCCCCC\C=C/CCCCCCCCNC(=O)C(CCCCCOC(=O)CCCCCCC\C=C/C\C=C/CCCCC)NC1CCNCC1,3,-44371.88498239272,1,2
CCCCCCCC\C=C/CCCCCCCCNC(=O)C(CCCCCOC(=O)CCC(C)CCCCC)NCCN1CCCC1,10,-38651.304669531775,1,9
CCCCCCCCCCCCCCCCCCNC(=O)C(CCCCCOC(=O)CCCCCCCCCCCCCCCCC)NCCN(CCN)CCN,6,-47136.71593795236,1,5
CCCCCCCCCCCCCCNC(=O)C(CCCCCOC(=O)CCCCCCCCCC)NCC1CCCN1CC,3,-37022.51417841823,1,2
CCCCCCCCCCCCCCCC(=O)OCCCCCC(NCCCN(CCCC)CCCC)C(=O)NCCCCCCCCCCCCCC,6,-44419.21236709414,1,5
CCCCCCCCCCCCCCCCNC(=O)C(CCCCCOC(=O)\C=C\CCCCCCC)NCCN1CCCC1,5,-37009.895777029706,1,4
CCCCCCCCCCCCCCCCCC(=O)OCCCCCC(NCCCN(CC)CC)C(=O)NCCCCCCCCCCCCCCCC,5,-44420.07042732668,1,4
CCCCCCCCCCCCCCCCNC(=O)C(CCCCCOC(=O)CCCCCCCCCCCCCCC)NC1=CNN=C1,5,-40341.48221978211,1,4
CCCCCCCCCCCCCCNC(=O)C(CCCCCOC(=O)CCCCCCCCC)NCCN(C(C)C)C(C)C,6,-37033.1572536464,1,5
CCCCCCCC\C=C/CCCCCCCCNC(=O)C(CCCCCOC(=O)CCCCCCC\C=C/C\C=C/CCCCC)NC1=CNN=C1,4,-43587.488326997256,1,3
CCCCCCCC\C=C/CCCCCCCCNC(=O)C(CCCCCOC(=O)CCCCCCCC)NCCN(CC)CC,5,-37842.55608597408,1,4
CCCCCCCCCCCCCCCC(=O)OCCCCCC(NN1CCOCC1)C(=O)NCCCCCCCC\C=C/CCCCCCCC,6,-42944.577759634085,1,5
CCCCCCCCCCCCNC(=O)C(CCCCCOC(=O)CCC(C)CCCCC)NCCCN1CCOCC1,4,-35639.10209943081,1,3
CCCCCCCCCCCCCCNC(=O)C(CCCCCOC(=O)CCCCCCCCC=C)NCCCN(CCCC)CCCC,6,-40304.21916655828,1,5
CCCCCCCCCCCCCCCCCCNC(=O)C(CCCCCOC(=O)CCCCCCCCC#C)NCCCN(C)C,5,-38651.885647814226,1,4
CCCCCCCCCCCCCCCCCCNC(=O)C(CCCCCOC(=O)CCCCCCCCCC)NCC1CCCN1CC,3,-40304.880587987536,1,2
CCCCCCCCCCCCCCNC(=O)C(CCCCCOC(=O)CCCCCCCCC)NCCN(CC)CC,4,-35393.14494355408,1,3
CCCCCCCCCCCCCCNC(=O)C(CCCCCOC(=O)CCC(C)CCCCC)NCCCN(C)C,4,-34572.75444902875,1,3
CCCCCCCCCCCCCCCCCCNC(=O)C(CCCCCOC(=O)CCCCCCC\C=C/C\C=C/CCCCC)NCCCN(C)CCCN,2,-46986.22915560574,1,1
CCCCCCCCCCCCNC(=O)C(CCCCCOC(=O)CCCCCCCCC=C)NCCCN1CCOCC1,3,-36447.37472770327,1,2
CCCCCCCC\C=C/CCCCCCCCNC(=O)C(CCCCCOC(=O)\C=C\CCCCCCC)NCCN(C(C)C)C(C)C,5,-40290.78069197876,1,4
CCCCCCCCCCCCCCNC(=O)C(CCCCCOC(=O)\C=C\CCCCCCC)NN1CCCCC1,6,-34483.395520123675,1,5
CCCCCCCCCCCCCCCC(=O)OCCCCCC(NC1=CC(C)=NN1C)C(=O)NCCCCCCCC\C=C/CCCCCCCC,6,-43546.042230139756,1,5
CCCCCCCC\C=C/CCCCCCCCNC(=O)C(CCCCCOC(=O)CCCCCCCC)NN1CCOCC1,6,-37200.57731839469,1,5
CCCCCCCCCCCCCCCCNC(=O)C(CCCCCOC(=O)CCCCCCCCCCCCCCC)NN1CCCCC1,5,-41059.030620185724,1,4
CCCCCCCCCCCCCCCCCCNC(=O)C(CCCCCOC(=O)CCCCCCCCC)NCCCN(C)CCCN,2,-40445.24494102833,1,1
CCCCCCCC\C=C/CCCCCCCCNC(=O)C(CCCCCOC(=O)CCCCCCCC)NC1CCN(C)CC1,6,-37831.38342669612,1,5
CCCCCCCC\C=C/CCCCCCCCNC(=O)C(CCCCCOC(=O)\C=C\CCCCCCC)NCCN(CCN)CCN,6,-40547.69375754346,1,5
CCCCCCCCCCCCCCCCCCNC(=O)C(CCCCCOC(=O)\C=C\CCCCCCC)NCCCN1CCCC1,6,-39472.09737979111,1,5
CCCCCCCCCCCCCCCCNC(=O)C(CCCCCOC(=O)CCC(C)CCCCC)NCCN(CCN)CCN,3,-38931.05911972432,1,2
CCCCCCCC\C=C/CCCCCCCCNC(=O)C(CCCCCOC(=O)CCC(C)CCCCC)NCCCN(CC)CC,8,-39484.41411937912,1,7
CCCCCCCCCCCCNC(=O)C(CCCCCOC(=O)\C=C\CCCCCCC)NC1=CNN=C1,6,-32125.05719254199,1,5
CCCCCCCCCCCCCCCC(=O)OCCCCCC(NCCCN(CCCC)CCCC)C(=O)NCCCCCCCCCCCC,4,-42778.064914819166,1,3
CCCCCCCCCCCCNC(=O)C(CCCCCOC(=O)CCCCCCCCC#C)NCCCN(C)C,4,-33728.293577355,1,3
CCCCCCCC\C=C/CCCCCCCCNC(=O)C(CCCCCOC(=O)CCCCCCC\C=C/C\C=C/CCCCC)NCCN(C(C)C)C(C)C,1,-46844.15762022727,1,0
CCCCCCCCCCCCCCNC(=O)C(CCCCCOC(=O)\C=C\CCCCCCC)NCCCN1CCCC1,4,-36189.82258602787,1,3
CCCCCCCCCCCCCCCCCCNC(=O)C(CCCCCOC(=O)CCCCCCCCCC)NCCN(C(C)C)C(C)C,4,-41136.13090733103,1,3
CCCCCCCCCCC(=O)OCCCCCC(NN1CCOCC1)C(=O)NCCCCCCCC\C=C/CCCCCCCC,4,-38841.73594332893,1,3
CCCCCCCCCC(=O)OCCCCCC(NCCN1CCCC1)C(=O)NCCCCCCCC\C=C/CCCCCCCC,6,-38651.01418039055,1,5
CCCCCCCC\C=C/CCCCCCCCNC(=O)C(CCCCCOC(=O)CCCCCCC\C=C/CCCCCCCC)NCCCN(CCCC)CCCC,2,-49318.030182870425,1,1
CCCCCCCCCCCCCCCCCC(=O)OCCCCCC(NCCN1CCNCC1)C(=O)NCCCCCCCCCCCCCC,3,-42893.800257747636,1,2
CCCCCCCCCCCCCCCCCCNC(=O)C(CCCCCOC(=O)\C=C\CCCCCCC)NCCN1CCCCC1,5,-39471.623659037716,1,4
CCCCCCCCCCCCCCCCNC(=O)C(CCCCCOC(=O)CCCCCCCCCC)NCCN(C(C)C)C(C)C,4,-39494.94323348266,1,3
CCCCCCCCCCC(=O)OCCCCCC(NCCN(CC)CC)C(=O)NCCCCCCCC\C=C/CCCCCCCC,8,-39483.70353824904,1,7
CCCCCCCCCCCCCCCCNC(=O)C(CCCCCOC(=O)CCCCCCCCCC)NC1CCN(C)CC1,3,-37843.749325984965,1,2
CCCCCCCCCCCCCCNC(=O)C(CCCCCOC(=O)\C=C\CCCCCCC)NC1CCN(C)CC1,5,-35369.72034611192,1,4
CCCCCCCC\C=C/CCCCCCCCNC(=O)C(CCCCCOC(=O)\C=C\CCCCCCC)NCCCN1CCOCC1,6,-40537.969074907924,1,5
CCCCCCCCCCCCCCCCCCNC(=O)C(CCCCCOC(=O)CCCCCCC\C=C/CCCCCCCC)NCCCN(CC)CC,3,-46048.883263758784,1,2
CCCCCCCCCCCCCCCCNC(=O)C(CCCCCOC(=O)CCCCCCCCC=C)NCCN1CCCC1,5,-37830.76669590398,1,4
CCCCCCCC\C=C/CCCCCCCCNC(=O)C(CCCCCOC(=O)CCCCCCC\C=C/CCCCCCCC)NN1CCCCC1,3,-44316.861869980654,1,2
CCCCCCCCCCCCCCNC(=O)C(CCCCCOC(=O)CCC(C)CCCCC)NCCCN1CCCC1,2,-36202.36724786516,1,1
CCCCCCCCCCCCCCCCCCNC(=O)C(CCCCCOC(=O)CCCCCCCCCC)NC1=CNN=C1,10,-37879.65825290431,1,9
CCCCCCCCCCCCCCCCNC(=O)C(CCCCCOC(=O)CCCCCCC\C=C/CCCCCCCC)NCC1CCCN1CC,3,-44395.52186036116,1,2
CCCCCCCC\C=C/CCCCCCCCNC(=O)C(CCCCCOC(=O)CCCCCCCC)NC1=CNN=C1,6,-36226.34154014379,1,5
CCCCCCCCCCCCCCCCNC(=O)C(CCCCCOC(=O)\C=C\CCCCCCC)NC1CCN(C)CC1,6,-37010.867798386884,1,5
CCCCCCCCCCCCNC(=O)C(CCCCCOC(=O)CCCCCCCCCC)NC1=CC(C)=NN1C,3,-34531.3664499995,1,2
CCCCCCCCCCCCCCCCCCNC(=O)C(CCCCCOC(=O)CCC(C)CCCCC)NC1CCNCC1,3,-37843.646537519606,1,2
CCCCCCCCCCCCCCNC(=O)C(CCCCCOC(=O)CCCCCCC\C=C/C\C=C/CCCCC)NCCN(C(C)C)C(C)C,2,-43574.14370275567,1,1
CCCCCCCCCCCCCCCC(=O)OCCCCCC(NC1CCN(C)CC1)C(=O)NCCCCCCCC\C=C/CCCCCCCC,6,-43575.54698876097,1,5
CCCCCCCCCCCCNC(=O)C(CCCCCOC(=O)CCCCCCCCC#C)NCCN1CCCC1,5,-34536.84999117312,1,4
CCCCCCCCCCCCCCCCCCNC(=O)C(CCCCCOC(=O)CCCCCCC\C=C/CCCCCCCC)NCCCN1CCCC1,4,-46036.84360612086,1,3
CCCCCCCCCC(=O)OCCCCCC(NC1CCN(C)CC1)C(=O)NCCCCCCCC\C=C/CCCCCCCC,6,-38651.99737440701,1,5
CCCCCCCCCCCCCCCCCCNC(=O)C(CCCCCOC(=O)CCCCCCCCC=C)NCCN(CCN)CCN,6,-41380.503780122155,1,5
CCCCCCCCCCCCNC(=O)C(CCCCCOC(=O)CCCCCCCC)NN1CCOCC1,7,-32289.39807239327,1,6
CCCCCCCCCCCCCCCCCCNC(=O)C(CCCCCOC(=O)CCC(C)CCCCC)NCCCN(C)C,7,-37855.13650032105,1,6
CCCCCCCCCCCCCCCCCC(=O)OCCCCCC(NCCCN(C)C)C(=O)NCCCCCCCC\C=C/CCCCCCCC,8,-44407.239745411876,1,7
CCCCCCCCCCCCNC(=O)C(CCCCCOC(=O)CCCCCCC\C=C/CCCCCCCC)NCCCN(CCCC)CCCC,3,-44406.86434406014,1,2
CCCCCCCCCCCCCCNC(=O)C(CCCCCOC(=O)\C=C\CCCCCCC)NN1CCCCC1,5,-34483.395520123675,1,4
CCCCCCCCCCCCNC(=O)C(CCCCCOC(=O)CCC(C)CCCCC)NC1=CNN=C1,4,-32135.733785748,1,3
CCCCCCCCCCCCNC(=O)C(CCCCCOC(=O)CCCCCCCC)NCCN(CC)CC,4,-32931.32097667627,1,3
CCCCCCCCCCCCNC(=O)C(CCCCCOC(=O)CCCCCCCCC=C)NCCN(CC)CC,4,-34560.50027633269,1,3
CCCCCCCCCCCCCCNC(=O)C(CCCCCOC(=O)\C=C\CCCCCCC)NCCN1CCCCC1,6,-36189.38238325232,1,5
CCCCCCCCCCCCCCNC(=O)C(CCCCCOC(=O)CCCCCCCCC#C)NCCCN1CCCC1,4,-36999.1432097406,1,3
CCCCCCCCCCCCCCNC(=O)C(CCCCCOC(=O)CCCCCCCCC=C)NC1CCNCC1,2,-35369.56616341388,1,1
CCCCCCCCCCCCNC(=O)C(CCCCCOC(=O)CCCCCCCCC#C)NN1CCOCC1,5,-33907.275109924114,1,4
CCCCCCCCCCCCCCCCCCNC(=O)C(CCCCCOC(=O)CCCCCCCCC=C)NCCCN(CCCC)CCCC,4,-43586.60792144615,1,3
CCCCCCCCCCCCNC(=O)C(CCCCCOC(=O)CCCCCCCCC#C)NCCCN1CCCC1,4,-35357.9421287011,1,3
CCCCCCCCCCCCCCCCNC(=O)C(CCCCCOC(=O)CCCCCCC\C=C/C\C=C/CCCCC)NCCCN1CCOCC1,3,-45462.099667544346,1,2
CCCCCCCC\C=C/CCCCCCCCNC(=O)C(CCCCCOC(=O)\C=C\CCCCCCC)NCCCN1CCOCC1,7,-40537.969074907924,1,6
CCCCCCCCCCCCCCCCNC(=O)C(CCCCCOC(=O)\C=C\CCCCCCC)NCC1CCCN1CC,3,-37830.7756340314,1,2
CCCCCCCCCC(=O)OCCCCCC(NCCCN1CCCC1)C(=O)NCCCCCCCC\C=C/CCCCCCCC,6,-39472.09737979111,1,5
CCCCCCCCCCCCCCNC(=O)C(CCCCCOC(=O)\C=C\CCCCCCC)NCCN(C(C)C)C(C)C,6,-37020.79582342127,1,5
CCCCCCCCCCCCCCNC(=O)C(CCCCCOC(=O)CCCCCCCCC#C)NCCCN(CC)CC,3,-37011.14264580512,1,2
CCCCCCCCCCCCCCCCCCNC(=O)C(CCCCCOC(=O)CCCCCCCCC#C)NCCN(CCN)CCN,4,-41369.02275544813,1,3
CCCCCCCC\C=C/CCCCCCCCNC(=O)C(CCCCCOC(=O)CCCCCCC\C=C/C\C=C/CCCCC)NCCCN(CC)CC,5,-46025.0676232419,1,4
CCCCCCCCCCCCCCCCNC(=O)C(CCCCCOC(=O)CCCCCCC\C=C/CCCCCCCC)NC1CCNCC1,3,-42754.56210876206,1,2
CCCCCCCCCCCCCCNC(=O)C(CCCCCOC(=O)CCCCCCC\C=C/CCCCCCCC)NCCN1CCCC1,3,-41933.38058995986,1,2
CCCCCCCCCCCCCCCCNC(=O)C(CCCCCOC(=O)CCCCCCC\C=C/C\C=C/CCCCC)NCCN1CCCC1,3,-43563.167682281004,1,2
CCCCCCCCCCCCCCNC(=O)C(CCCCCOC(=O)CCCCCCC\C=C/CCCCCCCC)NN1CCCCC1,3,-41046.81219999936,1,2
CCCCCCCCCCCCNC(=O)C(CCCCCOC(=O)CCCCCCCC)NCCCN(C)CCCN,2,-34701.0702063042,1,1
CCCCCCCCCCCCCCCCCC(=O)OCCCCCC(NCCCN(C)CCCN)C(=O)NCCCCCCCCCCCC,3,-42086.42367674928,1,2
CCCCCCCCCCCCCCCCCC(=O)OCCCCCC(NC1CCNCC1)C(=O)NCCCCCCCCCCCCCC,3,-41125.740334202535,1,2
CCCCCCCCCCCCCCCCCCNC(=O)C(CCCCCOC(=O)CCCCCCC\C=C/CCCCCCCC)NCCN1CCCCC1,3,-46036.4190450683,1,2
CCCCCCCCCCCCCCCCNC(=O)C(CCCCCOC(=O)CCCCCCC\C=C/C\C=C/CCCCC)NCCCN(C)CCCN,5,-45345.04148175737,1,4
CCCCCCCC\C=C/CCCCCCCCNC(=O)C(CCCCCOC(=O)CCCCCCCC)NCCCN1CCCC1,6,-38651.50577739878,1,5
CCCCCCCCCCCCCCNC(=O)C(CCCCCOC(=O)CCCCCCCCCC)NN1CCCCC1,4,-35315.083807710864,1,3
CCCCCCCCCCCCCCCCCCNC(=O)C(CCCCCOC(=O)CCCCCCCCCCCCCCCCC)NCC1CCCN1CC,4,-46049.04415005239,1,3
CCCCCCCCCCCCCCNC(=O)C(CCCCCOC(=O)CCCCCCCCC=C)NC1=CC(C)=NN1C,5,-36160.623958270866,1,4
CCCCCCCCCCCCCCCCNC(=O)C(CCCCCOC(=O)CCC(C)CCCCC)NCCN(CC)CC,5,-37034.62310654367,1,4
CCCCCCCCCCCCNC(=O)C(CCCCCOC(=O)\C=C\CCCCCCC)NCCCN1CCOCC1,5,-35626.80993969321,1,4
CCCCCCCCCCCCCCCCCCNC(=O)C(CCCCCOC(=O)CCCCCCC\C=C/C\C=C/CCCCC)NCCCN(C)C,3,-44395.83916388465,1,2
CCCCCCCCCCCCCCCCCCNC(=O)C(CCCCCOC(=O)CCCCCCCCC=C)NCCCN(C)CCCN,2,-41253.823700165,1,1
CCCCCCCCCCCCCCCCCC(=O)OCCCCCC(NCCN(CCN)CCN)C(=O)NCCCCCCCCCCCCCC,4,-43854.345059319334,1,3
CCCCCCCCCCCCCCCCNC(=O)C(CCCCCOC(=O)CCCCCCCCC=C)NCCCN(C)C,5,-37022.22815834071,1,4
CCCCCCCC\C=C/CCCCCCCCNC(=O)C(CCCCCOC(=O)CCCCCCC\C=C/C\C=C/CCCCC)NCCCN1CCOCC1,2,-47090.78290112883,1,1
CCCCCCCCCCCCCCCC(=O)OCCCCCC(NC1=CC(C)=NN1C)C(=O)NCCCCCCCCCCCCCC,6,-40275.6082206793,1,5
CCCCCCCCCCCCNC(=O)C(CCCCCOC(=O)CCCCCCC\C=C/CCCCCCCC)NC1=CC(C)=NN1C,4,-40263.304888282415,1,3
CCCCCCCCCCCCNC(=O)C(CCCCCOC(=O)CCCCCCCC)NC1CCN(C)CC1,6,-32920.184069908006,1,5
CCCCCCCCCCCCNC(=O)C(CCCCCOC(=O)CCCCCCCC)NCCCN(CCCC)CCCC,4,-37033.899118222456,1,3
CCCCCCCCCC(=O)OCCCCCC(NC1=CNN=C1)C(=O)NCCCCCCCC\C=C/CCCCCCCC,6,-37046.92867347241,1,5
CCCCCCCCCCCCNC(=O)C(CCCCCOC(=O)CCCCCCCCC=C)NCCCN(CC)CC,4,-35381.48739086346,1,3
CCCCCCCCCCCCNC(=O)C(CCCCCOC(=O)\C=C\CCCCCCC)NCCN1CCCCC1,6,-34548.263979891475,1,5
CCCCCCCCCCCCCCCCCCNC(=O)C(CCCCCOC(=O)CCCCCCCC)NCCN(CCN)CCN,6,-39751.33788765687,1,5
CCCCCCCCCCCCCCCCNC(=O)C(CCCCCOC(=O)CCCCCCCCC)NCCN(C)C,3,-35392.644408418426,1,2
CCCCCCCCCCCCCCCC(=O)OCCCCCC(NC1CCNCC1)C(=O)NCCCCCCCC\C=C/CCCCCCCC,3,-42754.56210876206,1,2
CCCCCCCCCCCCCCNC(=O)C(CCCCCOC(=O)CCCCCCCCC#C)NC1CCNCC1,1,-35358.04044810274,1,0
CCCCCCCCCCCCCCNC(=O)C(CCCCCOC(=O)\C=C\CCCCCCC)NCCN(CCN)CCN,5,-37277.36700561207,1,4
CCCCCCCCCCCCCCCCCCNC(=O)C(CCCCCOC(=O)CCC(C)CCCCC)NCCCN1CCOCC1,5,-40562.65618284849,1,4
CCCCCCCCCCCCCCCCCCNC(=O)C(CCCCCOC(=O)CCCCCCCCCCCCCCCCC)NCCN1CCCC1,6,-45228.14418226399,1,5
CCCCCCCCCCCCNC(=O)C(CCCCCOC(=O)CCC(C)CCCCC)NCCN(CC)CC,5,-33752.22764806024,1,4
CCCCCCCCCCCCCCCCNC(=O)C(CCCCCOC(=O)CCC(C)CCCCC)NCCCN(C)CCCN,4,-38804.35669444861,1,3
CCCCCCCCCCCCCCCCCCNC(=O)C(CCCCCOC(=O)CCCCCCCC)NCCCN(C)CCCN,2,-39624.64440050858,1,1
CCCCCCCC\C=C/CCCCCCCCNC(=O)C(CCCCCOC(=O)CCCCCCCCC=C)NCCCN(C)CCCN,2,-41241.43545555761,1,1
CCCCCCCCCCCCCCNC(=O)C(CCCCCOC(=O)\C=C\CCCCCCC)NCCN1CCCC1,6,-35368.73044849989,1,5
CCCCCCCCCCCCCCCC(=O)OCCCCCC(NCCN1CCCCC1)C(=O)NCCCCCCCC\C=C/CCCCCCCC,6,-44395.23137121993,1,5
CCCCCCCCCC(=O)OCCCCCC(NCCN1CCCCC1)C(=O)NCCCCCCCC\C=C/CCCCCCCC,6,-39471.64153529256,1,5
CCCCCCCC\C=C/CCCCCCCCNC(=O)C(CCCCCOC(=O)CCCCCCCCC#C)NCCN1CCCCC1,6,-40268.636481289854,1,5
CCCCCCCCCCCCNC(=O)C(CCCCCOC(=O)CCCCCCCC)NCCCN(CC)CC,4,-33752.27904229291,1,3
CCCCCCCCCCCCCCNC(=O)C(CCCCCOC(=O)CCCCCCCC)NCCCN1CCOCC1,6,-36459.40991627748,1,5
CCCCCCCCCCCCCCCCCCNC(=O)C(CCCCCOC(=O)CCCCCCCCCCCCCCC)NCCCN(C)CCCN,3,-45368.857122274254,1,2
CCCCCCCC\C=C/CCCCCCCCNC(=O)C(CCCCCOC(=O)\C=C\CCCCCCC)NC1CCNCC1,3,-37818.80301234915,1,2
CCCCCCCCCCCCCCNC(=O)C(CCCCCOC(=O)\C=C\CCCCCCC)NCCN1CCNCC1,3,-36316.86019108192,1,2
CCCCCCCCCCCCCCCCCCNC(=O)C(CCCCCOC(=O)CCCCCCCCCC)NCCN1CCNCC1,4,-40432.00757431581,1,3
CCCCCCCCCCCCCCCCCCNC(=O)C(CCCCCOC(=O)CCCCCCCCCCCCCCCCC)NC1CCNCC1,1,-44408.12462002669,1,0
CCCCCCCCCCCCCCCC(=O)OCCCCCC(NCCN(C)C)C(=O)NCCCCCCCCCCCCCC,5,-38675.048805029284,1,4
CCCCCCCCCCCCCCCCCCNC(=O)C(CCCCCOC(=O)CCCCCCCCCCCCCCCCC)NC1=CNN=C1,5,-43623.87544373369,1,4
CCCCCCCC\C=C/CCCCCCCCNC(=O)C(CCCCCOC(=O)CCC(C)CCCCC)NCCN1CCNCC1,5,-39599.3137473936,1,4
CCCCCCCCCCCCCCNC(=O)C(CCCCCOC(=O)CCCCCCC\C=C/C\C=C/CCCCC)NC1=CC(C)=NN1C,2,-41893.14114030438,1,1
CCCCCCCCCCCCNC(=O)C(CCCCCOC(=O)CCCCCCCC)NCCN(C(C)C)C(C)C,6,-34571.38244646942,1,5
CCCCCCCCCCCCCCCCNC(=O)C(CCCCCOC(=O)\C=C\CCCCCCC)NC1=CNN=C1,5,-35407.37444241048,1,4
CCCCCCCCCCCCCCCCCC(=O)OCCCCCC(NCCN(CCN)CCN)C(=O)NCCCCCCCC\C=C/CCCCCCCC,4,-47124.63605874103,1,3
CCCCCCCCCCC(=O)OCCCCCC(NCCN(CCN)CCN)C(=O)NCCCCCCCC\C=C/CCCCCCCC,6,-41380.45462042133,1,5
CCCCCCCCCCCCNC(=O)C(CCCCCOC(=O)CCCCCCCCC)NC1=CC(C)=NN1C,6,-33710.75026775676,1,5
CCCCCCCC\C=C/CCCCCCCCNC(=O)C(CCCCCOC(=O)CCC(C)CCCCC)NC1CCNCC1,3,-37831.28063823077,1,2
CCCCCCCCCCCCNC(=O)C(CCCCCOC(=O)\C=C\CCCCCCC)NCCN(C)C,3,-32097.48083491214,1,2
CCCCCCCCCCCCCCCCCCNC(=O)C(CCCCCOC(=O)CCCCCCCCCCCCCCC)NN1CCCCC1,5,-42700.21829403409,1,4
CCCCCCCCCCCCCCCCCCNC(=O)C(CCCCCOC(=O)CCCCCCC\C=C/CCCCCCCC)NC1=CC(C)=NN1C,2,-45186.93941484689,1,1
CCCCCCCCCCCCCCCCCCNC(=O)C(CCCCCOC(=O)CCCCCCCC)NCCCN1CCCC1,6,-38663.8672076239,1,5
CCCCCCCCCCCCCCCCNC(=O)C(CCCCCOC(=O)CCCCCCCCCCCCCCC)NCCCN1CCCC1,3,-42766.8475649041,1,2
CCCCCCCCCCCCCCCCCCNC(=O)C(CCCCCOC(=O)CCCCCCCCC)NC1=CNN=C1,6,-37059.04653972528,1,5
CCCCCCCCCCCCCCCCCC(=O)OCCCCCC(NCCCN(C)C)C(=O)NCCCCCCCCCCCC,6,-39496.0336850282,1,5
CCCCCCCCCCCCCCCCCCNC(=O)C(CCCCCOC(=O)CCCCCCCCCCCCCCC)NC1=CC(C)=NN1C,5,-43557.90312522923,1,4
CCCCCCCC\C=C/CCCCCCCCNC(=O)C(CCCCCOC(=O)CCCCCCCC)NCCN1CCCC1,7,-37830.422577998215,1,6
CCCCCCCCCCCCCCNC(=O)C(CCCCCOC(=O)\C=C\CCCCCCC)NCC1CCCN1CC,3,-36189.66169973427,1,2
CCCCCCCCCCCCCCNC(=O)C(CCCCCOC(=O)CCCCCCC\C=C/CCCCCCCC)NC1CCN(C)CC1,2,-41934.36378397632,1,1
CCCCCCCCCCCCCCCCNC(=O)C(CCCCCOC(=O)CCCCCCCCCC)NCCCN1CCCC1,5,-38663.876145751325,1,4
CCCCCCCCCCCCCCCCNC(=O)C(CCCCCOC(=O)CCCCCCCCC)NCCCN(CC)CC,4,-37855.29291755094,1,3
CCCCCCCCCCCCCCCCNC(=O)C(CCCCCOC(=O)\C=C\CCCCCCC)NCCCN(C)CCCN,2,-38791.664553508854,1,1
CCCCCCCCCCCCCCCCCCNC(=O)C(CCCCCOC(=O)CCCCCCCCC#C)NN1CCCCC1,4,-38574.1373464308,1,3
CCCCCCCCCCCCCCNC(=O)C(CCCCCOC(=O)\C=C\CCCCCCC)NCCCN1CCCC1,5,-36189.82258602787,1,4
CCCCCCCCCCCCCCNC(=O)C(CCCCCOC(=O)CCCCCCCCCC)NC1=CNN=C1,9,-34597.22704191118,1,8
CCCCCCCCCCCCCCCCCC(=O)OCCCCCC(NCCCN1CCCC1)C(=O)NCCCCCCCC\C=C/CCCCCCCC,7,-46036.84807518458,1,6
CCCCCCCCCCCCCCCCCCNC(=O)C(CCCCCOC(=O)CCCCCCCCCCCCCCCCC)NC1CCN(C)CC1,5,-45229.13184534416,1,4
CCCCCCCCCCCCNC(=O)C(CCCCCOC(=O)CCCCCCC\C=C/CCCCCCCC)NC1CCN(C)CC1,2,-40293.14482668197,1,1
CCCCCCCCCC(=O)OCCCCCC(NCCCN(CC)CC)C(=O)NCCCCCCCC\C=C/CCCCCCCC,6,-39484.101284919336,1,5
CCCCCCCCCCCCCCCCCC(=O)OCCCCCC(NC1=CC(C)=NN1C)C(=O)NCCCCCCCCCCCC,5,-40275.617158806715,1,4
CCCCCCCC\C=C/CCCCCCCCNC(=O)C(CCCCCOC(=O)CCC(C)CCCCC)NC1=CNN=C1,5,-37047.203520890645,1,4
CCCCCCCCCCCCNC(=O)C(CCCCCOC(=O)CCC(C)CCCCC)NCCCN1CCCC1,5,-34561.19521573978,1,4
CCCCCCCCCCCCCCCC(=O)OCCCCCC(NCCN1CCCCC1)C(=O)NCCCCCCCCCCCCCC,6,-41125.20851562091,1,5
CCCCCCCCCCCCCCCCNC(=O)C(CCCCCOC(=O)\C=C\CCCCCCC)NCC1CCCN1CC,3,-37830.7756340314,1,2
CCCCCCCCCC(=O)OCCCCCC(NCCN1CCNCC1)C(=O)NCCCCCCCC\C=C/CCCCCCCC,3,-39599.036665443506,1,2
CCCCCCCCCCCCNC(=O)C(CCCCCOC(=O)CCCCCCC\C=C/CCCCCCCC)NCCN(CC)CC,6,-40304.30854783251,1,5
CCCCCCCCCCCCCCCCCCNC(=O)C(CCCCCOC(=O)CCCCCCCCCC)NCCN(C)C,6,-37854.43932638211,1,5
CCCCCCCCCCCCCCNC(=O)C(CCCCCOC(=O)CCCCCCCCCC)NC1CCNCC1,3,-35381.58124120139,1,2
CCCCCCCCCCCCNC(=O)C(CCCCCOC(=O)\C=C\CCCCCCC)NCCN1CCNCC1,3,-34675.70826974324,1,2
CCCCCCCCCCCCCCCC(=O)OCCCCCC(NCCN(C)C)C(=O)NCCCCCCCC\C=C/CCCCCCCC,6,-41945.03143905491,1,5
CCCCCCCCCCCCCCCCCC(=O)OCCCCCC(NC1CCNCC1)C(=O)NCCCCCCCC\C=C/CCCCCCCC,3,-44395.76318980157,1,2
CCCCCCCC\C=C/CCCCCCCCNC(=O)C(CCCCCOC(=O)\C=C\CCCCCCC)NCCCN(CC)CC,6,-39471.74879282163,1,5
CCCCCCCCCCCCCCNC(=O)C(CCCCCOC(=O)CCC(C)CCCCC)NCCN(C)C,4,-33751.73828558386,1,3
CCCCCCCCCCCCCCCCCC(=O)OCCCCCC(NCCN(CCN)CCN)C(=O)NCCCCCCCCCCCC,6,-42213.090349515296,1,5
CCCCCCCCCCCCNC(=O)C(CCCCCOC(=O)CCCCCCCCC)NCCCN(C)CCCN,2,-35521.67968495137,1,1
CCCCCCCC\C=C/CCCCCCCCNC(=O)C(CCCCCOC(=O)CCCCCCCCC#C)NC1=CNN=C1,5,-37843.7225116027,1,4
CCCCCCCCCCCCCCCCCCNC(=O)C(CCCCCOC(=O)\C=C\CCCCCCC)NC1=CC(C)=NN1C,5,-38624.24001969686,1,4
CCCCCCCCCCCCCCCCCCNC(=O)C(CCCCCOC(=O)CCCCCCCCCC)NN1CCOCC1,4,-38853.93648726046,1,3
CCCCCCCCCCCCCCNC(=O)C(CCCCCOC(=O)CCCCCCCCCC)NCCCN(C)C,3,-35393.05109321614,1,2
CCCCCCCCCCCCNC(=O)C(CCCCCOC(=O)CCCCCCCCC)NCCN1CCCCC1,7,-34560.464523823,1,6
CCCCCCCC\C=C/CCCCCCCCNC(=O)C(CCCCCOC(=O)\C=C\CCCCCCC)NCCN(C(C)C)C(C)C,6,-40290.78069197876,1,5
CCCCCCCC\C=C/CCCCCCCCNC(=O)C(CCCCCOC(=O)CCCCCCC\C=C/C\C=C/CCCCC)NCCN(C)C,7,-43562.40347238639,1,6
CCCCCCCCCCCCCCCCCCNC(=O)C(CCCCCOC(=O)CCCCCCCCCCCCCCC)NCCN1CCCCC1,5,-44407.60620863619,1,4
CCCCCCCC\C=C/CCCCCCCCNC(=O)C(CCCCCOC(=O)CCC(C)CCCCC)NCCN1CCCCC1,9,-39471.95436975235,1,8
CCCCCCCCCCCCNC(=O)C(CCCCCOC(=O)CCC(C)CCCCC)NCCCN(C)C,5,-32931.566775180385,1,4
CCCCCCCCCCCCCCCCCCNC(=O)C(CCCCCOC(=O)CCCCCCCCC#C)NCC1CCCN1CC,2,-40281.32862222961,1,1
CCCCCCCC\C=C/CCCCCCCCNC(=O)C(CCCCCOC(=O)CCCCCCCCC=C)NC1=CC(C)=NN1C,7,-39430.70491169814,1,6
CCCCCCCCCCCCNC(=O)C(CCCCCOC(=O)CCC(C)CCCCC)NCCCN(C)CCCN,4,-35521.97464315631,1,3
CCCCCCCCCCCCCCCCCCNC(=O)C(CCCCCOC(=O)\C=C\CCCCCCC)NC1CCN(C)CC1,6,-38651.96162189732,1,5
CCCCCCCCCCCCCCCCNC(=O)C(CCCCCOC(=O)CCCCCCCCC#C)NCCN(CC)CC,3,-37831.37895763241,1,2
CCCCCCCCCCCCCCCCCCNC(=O)C(CCCCCOC(=O)CCCCCCCCC#C)NCCN1CCCC1,6,-39460.406309122656,1,5
CCCCCCCCCCCCCCCCCC(=O)OCCCCCC(NN1CCCCC1)C(=O)NCCCCCCCCCCCCCC,4,-41059.052965504285,1,3
CCCCCCCCCCCCCCCCCCNC(=O)C(CCCCCOC(=O)CCCCCCCCCCCCCCCCC)NCCN1CCNCC1,2,-46176.18007450808,1,1
CCCCCCCCCCCCCCCCNC(=O)C(CCCCCOC(=O)CCCCCCCCC#C)NC1CCNCC1,2,-36999.225887419256,1,1
CCCCCCCCCCCCCCCCNC(=O)C(CCCCCOC(=O)CCCCCCCCCCCCCCC)NCCCN(C)C,4,-41137.225827940274,1,3
CCCCCCCCCCCCCCCCCCNC(=O)C(CCCCCOC(=O)CCC(C)CCCCC)NCCN(CC)CC,7,-38675.808545860185,1,6
CCCCCCCCCCC(=O)OCCCCCC(NCCCN(C)C)C(=O)NCCCCCCCC\C=C/CCCCCCCC,6,-38663.05830709218,1,5
CCCCCCCCCCCCNC(=O)C(CCCCCOC(=O)CCCCCCCC)NCCN1CCCC1,6,-32919.218752146386,1,5
CCCCCCCCCCCCNC(=O)C(CCCCCOC(=O)\C=C\CCCCCCC)NCCN(CC)CC,5,-33739.59137041687,1,4
CCCCCCCCCCCCCCNC(=O)C(CCCCCOC(=O)CCCCCCCCC)NCCN1CCCCC1,6,-36201.647728607655,1,5
CCCCCCCCCCCCNC(=O)C(CCCCCOC(=O)CCCCCCCCCC)NCCCN(CC)CC,6,-35393.511406778394,1,5
CCCCCCCCCCCCCCNC(=O)C(CCCCCOC(=O)\C=C\CCCCCCC)NCC1CCCN1CC,2,-36189.66169973427,1,1
CCCCCCCC\C=C/CCCCCCCCNC(=O)C(CCCCCOC(=O)CCCCCCCCC#C)NCCCN(C)CCCN,2,-41229.90527118275,1,1
CCCCCCCCCCCCNC(=O)C(CCCCCOC(=O)\C=C\CCCCCCC)NCCCN(CC)CC,4,-34560.533794310526,1,3
CCCCCCCCCCCCCCCCNC(=O)C(CCCCCOC(=O)CCCCCCCCCC)NC1=CNN=C1,10,-36238.45270280109,1,9
CCCCCCCCCCCCCCCCCCNC(=O)C(CCCCCOC(=O)CCCCCCCCC#C)NCCCN(CCCC)CCCC,4,-43575.091144262435,1,3
CCCCCCCCCCCCCCCCCCNC(=O)C(CCCCCOC(=O)\C=C\CCCCCCC)NCCCN(C)C,5,-37842.46223563614,1,4
CCCCCCCC\C=C/CCCCCCCCNC(=O)C(CCCCCOC(=O)CCCCCCCC)NCCCN(C)C,7,-37021.88404043495,1,6
CCCCCCCCCCCCNC(=O)C(CCCCCOC(=O)CCCCCCC\C=C/CCCCCCCC)NCCN1CCCC1,5,-40292.21526143005,1,4
CCCCCCCCCCCCCCNC(=O)C(CCCCCOC(=O)CCCCCCCCC=C)NN1CCOCC1,6,-35559.79632934404,1,5
CCCCCCCCCCCCNC(=O)C(CCCCCOC(=O)\C=C\CCCCCCC)NCCCN1CCCC1,3,-34548.68183734847,1,2
CCCCCCCCCCCCCCNC(=O)C(CCCCCOC(=O)CCCCCCCCC=C)NCCN(CCN)CCN,5,-38098.137370552846,1,4
CCCCCCCCCCCCCCCCCC(=O)OCCCCCC(NN1CCCCC1)C(=O)NCCCCCCCCCCCCCCCC,5,-42700.20935590667,1,4
CCCCCCCCCCCCCCCCNC(=O)C(CCCCCOC(=O)CCCCCCCCC)NCCCN1CCOCC1,5,-38921.18248892261,1,4
CCCCCCCCCCCCCCCCCCNC(=O)C(CCCCCOC(=O)CCCCCCCCC)NCCN(C(C)C)C(C)C,5,-40315.50802149273,1,4
CCCCCCCCCCCCCCCCNC(=O)C(CCCCCOC(=O)CCCCCCCC)NC1=CC(C)=NN1C,5,-36172.598814484976,1,4
CCCCCCCCCCCCCCCCNC(=O)C(CCCCCOC(=O)CCCCCCCCC=C)NCCCN1CCCC1,3,-38651.85883343196,1,2
CCCCCCCCCCCCNC(=O)C(CCCCCOC(=O)\C=C\CCCCCCC)NCCCN1CCCC1,4,-34548.68183734847,1,3
CCCCCCCCCCCCCCCC(=O)OCCCCCC(NCC1CCCN1CC)C(=O)NCCCCCCCC\C=C/CCCCCCCC,3,-44395.50398410632,1,2
CCCCCCCCCCCCCCNC(=O)C(CCCCCOC(=O)CCCCCCCCC#C)NCCN1CCCC1,6,-36178.02872689406,1,5
CCCCCCCCCCCCCCNC(=O)C(CCCCCOC(=O)CCCCCCCCC)NN1CCOCC1,6,-34751.090201891595,1,5
CCCCCCCCCCCCNC(=O)C(CCCCCOC(=O)\C=C\CCCCCCC)NCCCN(C)CCCN,2,-35509.387525213766,1,1
CCCCCCCCCC(=O)OCCCCCC(NCCN(CC)CC)C(=O)NCCCCCCCC\C=C/CCCCCCCC,6,-38663.12087398414,1,5
CCCCCCCCCCCCCCCCNC(=O)C(CCCCCOC(=O)\C=C\CCCCCCC)NCCN1CCCCC1,6,-37830.50302114502,1,5
CCCCCCCCCCCCCCNC(=O)C(CCCCCOC(=O)CCC(C)CCCCC)NCCCN1CCOCC1,3,-37280.29200781103,1,2
CCCCCCCCCCCCCCCC(=O)OCCCCCC(NN1CCOCC1)C(=O)NCCCCCCCCCCCC,6,-38033.40745176009,1,5
CCCCCCCCCCCCNC(=O)C(CCCCCOC(=O)CCCCCCCCCC)NN1CCCCC1,3,-33673.94976262703,1,2
CCCCCCCCCCC(=O)OCCCCCC(NCCCN(CC)CC)C(=O)NCCCCCCCC\C=C/CCCCCCCC,8,-40304.701825439086,1,7
CCCCCCCC\C=C/CCCCCCCCNC(=O)C(CCCCCOC(=O)\C=C\CCCCCCC)NCCCN(CCCC)CCCC,7,-42753.252673094685,1,6
CCCCCCCCCCCCCCCCNC(=O)C(CCCCCOC(=O)CCCCCCCCC#C)NCCN1CCNCC1,3,-38767.236651263534,1,2
CCCCCCCC\C=C/CCCCCCCCNC(=O)C(CCCCCOC(=O)CCCCCCCC)NC1=CC(C)=NN1C,5,-37801.78481773697,1,4
CCCCCCCC\C=C/CCCCCCCCNC(=O)C(CCCCCOC(=O)\C=C\CCCCCCC)NC1=CC(C)=NN1C,6,-38611.856244153176,1,5
CCCCCCCCCCCCNC(=O)C(CCCCCOC(=O)CCCCCCCCCC)NCCN(CCN)CCN,5,-36468.97371261941,1,4
CCCCCCCCCCCCCCCCNC(=O)C(CCCCCOC(=O)\C=C\CCCCCCC)NN1CCCCC1,5,-36124.51392348452,1,4
CCCCCCCCCCCCCCNC(=O)C(CCCCCOC(=O)\C=C\CCCCCCC)NCCN(C(C)C)C(C)C,6,-37020.79582342127,1,5
CCCCCCCC\C=C/CCCCCCCCNC(=O)C(CCCCCOC(=O)CCCCCCCCC=C)NCCCN(C)C,6,-38651.04099477281,1,5
CCCCCCCCCCCCCCCCCCNC(=O)C(CCCCCOC(=O)CCCCCCCC)NCCN(C(C)C)C(C)C,5,-39494.94770254638,1,4
CCCCCCCCCCCCNC(=O)C(CCCCCOC(=O)CCCCCCCCC=C)NC1CCNCC1,3,-33728.37625503366,1,2
CCCCCCCC\C=C/CCCCCCCCNC(=O)C(CCCCCOC(=O)CCC(C)CCCCC)NC1=CC(C)=NN1C,5,-38622.70713084392,1,4
CCCCCCCCCCCCCCCCCCNC(=O)C(CCCCCOC(=O)CCCCCCCCCCCCCCC)NCCCN(CCCC)CCCC,5,-47701.618998236845,1,4
CCCCCCCCCCCCCCCC(=O)OCCCCCC(NCCN(C(C)C)C(C)C)C(=O)NCCCCCCCCCCCCCC,2,-41956.73144785078,1,1
CCCCCCCCCCCCCCNC(=O)C(CCCCCOC(=O)CCCCCCCCC)NCCCN1CCOCC1,6,-37279.9970496061,1,5
CCCCCCCCCCCCCCCCNC(=O)C(CCCCCOC(=O)CCCCCCCCC=C)NC1=CC(C)=NN1C,5,-37801.82057024666,1,4
CCCCCCCCCCCCCCCCCCNC(=O)C(CCCCCOC(=O)CCCCCCCCC=C)NC1CCN(C)CC1,5,-39472.91521845025,1,4
CCCCCCCCCCCCCCCC(=O)OCCCCCC(NCCN(CC)CC)C(=O)NCCCCCCCCCCCCCC,5,-40316.678916185054,1,4
CCCCCCCCCCC(=O)OCCCCCC(NCCCN1CCCC1)C(=O)NCCCCCCCC\C=C/CCCCCCCC,8,-40292.68451311972,1,7
CCCCCCCCCCCCNC(=O)C(CCCCCOC(=O)CCCCCCCC)NC1=CC(C)=NN1C,6,-32890.13855457773,1,5
CCCCCCCCCCCCNC(=O)C(CCCCCOC(=O)CCCCCCCCC=C)NCCCN(C)C,4,-33739.85057611212,1,3
CCCCCCCCCCCCCCCCNC(=O)C(CCCCCOC(=O)CCCCCCCC)NCCN1CCCC1,6,-36201.61197609797,1,5
CCCCCCCCCCCCCCNC(=O)C(CCCCCOC(=O)CCCCCCCCC#C)NCCCN1CCOCC1,5,-38076.98082294411,1,4
CCCCCCCCCCCCNC(=O)C(CCCCCOC(=O)CCCCCCCC)NCCN1CCNCC1,2,-33867.22783000822,1,1
CCCCCCCCCCCCCCCCCCNC(=O)C(CCCCCOC(=O)CCCCCCCCC=C)NCCCN1CCOCC1,6,-41370.93551471652,1,5
CCCCCCCCCCCCCCCCCCNC(=O)C(CCCCCOC(=O)CCCCCCCCCCCCCCCCC)NCCCN(C)CCCN,2,-47010.02245080407,1,1
CCCCCCCCCCCCCCCCNC(=O)C(CCCCCOC(=O)CCCCCCC\C=C/CCCCCCCC)NC1=CC(C)=NN1C,2,-43545.733864743685,1,1
CCCCCCCCCCCCCCCCNC(=O)C(CCCCCOC(=O)CCCCCCCCC)NN1CCOCC1,5,-36392.248826825846,1,4
CCCCCCCCCCCCCCNC(=O)C(CCCCCOC(=O)CCCCCCC\C=C/CCCCCCCC)NCCN(CCN)CCN,4,-43841.96128377564,1,3
CCCCCCCCCCCCCCCC(=O)OCCCCCC(NCCN1CCCC1)C(=O)NCCCCCCCCCCCCCC,6,-40304.57669165517,1,5
CCCCCCCCCCCCCCCC(=O)OCCCCCC(NN1CCCCC1)C(=O)NCCCCCCCC\C=C/CCCCCCCC,6,-42687.99987384772,1,5
CCCCCCCC\C=C/CCCCCCCCNC(=O)C(CCCCCOC(=O)CCCCCCC\C=C/CCCCCCCC)NC1=CC(C)=NN1C,2,-45174.92657159124,1,1
CCCCCCCCCCCCCCCCNC(=O)C(CCCCCOC(=O)CCC(C)CCCCC)NN1CCCCC1,5,-36135.914505011744,1,4
CCCCCCCCCCCCCCCCNC(=O)C(CCCCCOC(=O)CCCCCCCCC=C)NC1=CNN=C1,5,-36226.3862307809,1,4
CCCCCCCC\C=C/CCCCCCCCNC(=O)C(CCCCCOC(=O)CCCCCCCCC#C)NCCN(CC)CC,5,-39460.16944874596,1,4
CCCCCCCCCCCCCCCCCCNC(=O)C(CCCCCOC(=O)\C=C\CCCCCCC)NCCCN(C)C,5,-37842.46223563614,1,4
CCCCCCCCCCCCCCCC(=O)OCCCCCC(NN1CCOCC1)C(=O)NCCCCCCCCCCCCCC,6,-39674.51915152537,1,5
CCCCCCCC\C=C/CCCCCCCCNC(=O)C(CCCCCOC(=O)\C=C\CCCCCCC)NN1CCOCC1,6,-38010.020841359474,1,5
CCCCCCCCCCCCCCCCNC(=O)C(CCCCCOC(=O)CCCCCCCCC#C)NCCCN(CC)CC,3,-38652.337023249056,1,2
CCCCCCCCCCCCCCNC(=O)C(CCCCCOC(=O)CCCCCCCCC#C)NCCN(C)C,4,-34548.48072948147,1,3
CCCCCCCCCCCCCCCCNC(=O)C(CCCCCOC(=O)CCC(C)CCCCC)NCCN1CCCCC1,8,-37843.12365706539,1,7
CCCCCCCCCCCCCCCCCCNC(=O)C(CCCCCOC(=O)CCCCCCCCCCCCCCCCC)NCCCN1CCOCC1,6,-47127.15214161043,1,5
CCCCCCCCCCCCCCCC(=O)OCCCCCC(NCCN(CC)CC)C(=O)NCCCCCCCCCCCC,4,-38675.51805671895,1,3
CCCCCCCCCCCCCCNC(=O)C(CCCCCOC(=O)CCCCCCC\C=C/C\C=C/CCCCC)NC1CCN(C)CC1,3,-41922.92298087569,1,2
CCCCCCCCCCCCCCCCCCNC(=O)C(CCCCCOC(=O)\C=C\CCCCCCC)NCCCN(CCCC)CCCC,5,-42765.64538676579,1,4
CCCCCCCCCCCCCCCCNC(=O)C(CCCCCOC(=O)\C=C\CCCCCCC)NN1CCCCC1,5,-36124.51392348452,1,4
CCCCCCCCCCCCCCNC(=O)C(CCCCCOC(=O)\C=C\CCCCCCC)NC1=CC(C)=NN1C,6,-35341.7954015126,1,5
CCCCCCCCCCCCNC(=O)C(CCCCCOC(=O)CCCCCCCCC=C)NCCN(CCN)CCN,4,-36456.954165768184,1,3
CCCCCCCCCCCCNC(=O)C(CCCCCOC(=O)CCCCCCCCC)NCCCN(CC)CC,4,-34572.895224535656,1,3
CCCCCCCCCCCCCCCCCCNC(=O)C(CCCCCOC(=O)CCC(C)CCCCC)NCCN1CCNCC1,4,-39611.67964668244,1,3
CCCCCCCCCCCCCCCCCCNC(=O)C(CCCCCOC(=O)CCCCCCCCCCCCCCC)NCCN1CCNCC1,4,-44534.96111721374,1,3
CCCCCCCCCCCCCCCCCC(=O)OCCCCCC(NC1=CC(C)=NN1C)C(=O)NCCCCCCCCCCCCCC,5,-41916.83611610106,1,4
CCCCCCCCCCCCCCNC(=O)C(CCCCCOC(=O)CCCCCCC\C=C/C\C=C/CCCCC)NCCCN(C)C,4,-41113.43253274194,1,3
CCCCCCCCCCCCCCCCNC(=O)C(CCCCCOC(=O)CCCCCCCCCCCCCCC)NCCN(C)C,3,-40316.21413355909,1,2
CCCCCCCC\C=C/CCCCCCCCNC(=O)C(CCCCCOC(=O)CCCCCCC\C=C/C\C=C/CCCCC)NCCN1CCCC1,3,-45191.891137438884,1,2
CCCCCCCCCCCCCCNC(=O)C(CCCCCOC(=O)CCCCCCCCCC)NCCCN1CCOCC1,4,-38100.59535559399,1,3
CCCCCCCCCCCCNC(=O)C(CCCCCOC(=O)CCCCCCC\C=C/C\C=C/CCCCC)NCCN(CCN)CCN,4,-42189.35515214521,1,3
CCCCCCCCCCCCCCCCCCNC(=O)C(CCCCCOC(=O)CCCCCCC\C=C/CCCCCCCC)NCCN1CCNCC1,2,-46163.78736083698,1,1
CCCCCCCCCCCCCCNC(=O)C(CCCCCOC(=O)\C=C\CCCCCCC)NCCCN(C)CCCN,3,-37150.53721202059,1,2
CCCCCCCCCCCCCCCCNC(=O)C(CCCCCOC(=O)CCCCCCCC)NCCN(CCN)CCN,4,-38110.15915193592,1,3
CCCCCCCCCCCCCCNC(=O)C(CCCCCOC(=O)CCC(C)CCCCC)NCCCN(C)CCCN,3,-37163.157847940965,1,2
CCCCCCCCCCCCCCCCCCNC(=O)C(CCCCCOC(=O)CCCCCCCCCCCCCCC)NCCCN(C)C,6,-42778.42243991606,1,5
CCCCCCCCCCCCCCNC(=O)C(CCCCCOC(=O)CCCCCCC\C=C/C\C=C/CCCCC)NCC1CCCN1CC,2,-42742.89338341217,1,1
CCCCCCCCCCCCCCCCNC(=O)C(CCCCCOC(=O)CCCCCCCCC)NCCN(CC)CC,4,-37034.30580302018,1,3
CCCCCCCC\C=C/CCCCCCCCNC(=O)C(CCCCCOC(=O)\C=C\CCCCCCC)NCCCN1CCCC1,6,-39459.8655524136,1,5
CCCCCCCCCCCCCCCC(=O)OCCCCCC(NCCCN1CCCC1)C(=O)NCCCCCCCC\C=C/CCCCCCCC,5,-44395.67380852734,1,4
CCCCCCCCCCCCNC(=O)C(CCCCCOC(=O)CCCCCCC\C=C/CCCCCCCC)NCCCN(C)CCCN,4,-42074.05777746043,1,3
CCCCCCCCCCCCCCCCNC(=O)C(CCCCCOC(=O)CCCCCCC\C=C/CCCCCCCC)NCCN(CCN)CCN,4,-45483.14001949659,1,3
CCCCCCCCCCCCCCCCCCNC(=O)C(CCCCCOC(=O)CCCCCCCCC=C)NCCN1CCNCC1,3,-40419.98579293273,1,2
CCCCCCCCCCCCCCCCCC(=O)OCCCCCC(NCCN(CCN)CCN)C(=O)NCCCCCCCCCCCCCCCC,5,-45495.51485691285,1,4
CCCCCCCCCCCCCCCCNC(=O)C(CCCCCOC(=O)CCCCCCCCCC)NC1CCNCC1,3,-37022.74880426306,1,2
CCCCCCCC\C=C/CCCCCCCCNC(=O)C(CCCCCOC(=O)CCCCCCCCC#C)NCCN(CCN)CCN,6,-41356.85349496258,1,5
CCCCCCCC\C=C/CCCCCCCCNC(=O)C(CCCCCOC(=O)CCCCCCCCC#C)NC1=CC(C)=NN1C,6,-39419.30433017092,1,5
CCCCCCCCCCCCCCNC(=O)C(CCCCCOC(=O)CCCCCCCC)NC1=CC(C)=NN1C,6,-34531.361980935784,1,5
CCCCCCCCCCCCCCCCCCNC(=O)C(CCCCCOC(=O)\C=C\CCCCCCC)NN1CCOCC1,5,-38022.2616068644,1,4
CCCCCCCC\C=C/CCCCCCCCNC(=O)C(CCCCCOC(=O)CCCCCCC\C=C/C\C=C/CCCCC)NCCN1CCNCC1,3,-46139.86893185473,1,2
CCCCCCCC\C=C/CCCCCCCCNC(=O)C(CCCCCOC(=O)\C=C\CCCCCCC)NC1=CNN=C1,6,-37036.223031352274,1,5
CCCCCCCCCCCCNC(=O)C(CCCCCOC(=O)CCCCCCC\C=C/C\C=C/CCCCC)NC1=CNN=C1,3,-38676.416338524905,1,2
CCCCCCCCCCCCNC(=O)C(CCCCCOC(=O)CCCCCCC\C=C/C\C=C/CCCCC)NN1CCOCC1,5,-39651.02975265939,1,4
CCCCCCCCCCCCCCCCNC(=O)C(CCCCCOC(=O)CCCCCCCC)NCCCN(CC)CC,4,-37034.69684609491,1,3
CCCCCCCC\C=C/CCCCCCCCNC(=O)C(CCCCCOC(=O)CCCCCCCCC=C)NCCCN1CCCC1,6,-40280.649324545506,1,5
CCCCCCCCCCCCCCCCNC(=O)C(CCCCCOC(=O)CCCCCCCCCC)NCCCN(CC)CC,5,-38675.89792713441,1,4
CCCCCCCC\C=C/CCCCCCCCNC(=O)C(CCCCCOC(=O)CCCCCCC\C=C/C\C=C/CCCCC)NN1CCCCC1,3,-44305.58642223734,1,2
CCCCCCCCCC(=O)OCCCCCC(NCCCN(C)C)C(=O)NCCCCCCCC\C=C/CCCCCCCC,8,-37842.46223563614,1,7
CCCCCCCCCCCCNC(=O)C(CCCCCOC(=O)CCC(C)CCCCC)NCCCN(CC)CC,5,-34573.19912086801,1,4
CCCCCCCCCCCCCCCCCC(=O)OCCCCCC(NCCCN(CC)CC)C(=O)NCCCCCCCC\C=C/CCCCCCCC,4,-46048.8877328225,1,3
CCCCCCCCCCCCCCNC(=O)C(CCCCCOC(=O)\C=C\CCCCCCC)NCCCN(CCCC)CCCC,5,-39483.261100941636,1,4
CCCCCCCCCCCCCCCCCCNC(=O)C(CCCCCOC(=O)CCCCCCCCC#C)NC1CCNCC1,2,-38640.426968458756,1,1
CCCCCCCCCCCCNC(=O)C(CCCCCOC(=O)CCCCCCCCC)NC1=CNN=C1,6,-32135.46564192533,1,5
CCCCCCCCCCCCCCCCCCNC(=O)C(CCCCCOC(=O)CCCCCCCCC#C)NCCCN1CCOCC1,5,-41359.35617064084,1,4
CCCCCCCCCCCCCCCCCCNC(=O)C(CCCCCOC(=O)CCCCCCC\C=C/CCCCCCCC)NCCCN(C)C,3,-44407.24421447559,1,2
CCCCCCCCCCCCNC(=O)C(CCCCCOC(=O)\C=C\CCCCCCC)NC1=CC(C)=NN1C,6,-33700.576444218255,1,5
CCCCCCCCCCCCCCCC(=O)OCCCCCC(NCCN(CCN)CCN)C(=O)NCCCCCCCCCCCC,4,-40571.9339591129,1,3
CCCCCCCCCCCCCCNC(=O)C(CCCCCOC(=O)CCCCCCC\C=C/CCCCCCCC)NN1CCOCC1,3,-41303.43924548654,1,2
CCCCCCCCCCCCCCCCCC(=O)OCCCCCC(NCCN1CCCC1)C(=O)NCCCCCCCCCCCCCCCC,6,-43586.95203935191,1,5
CCCCCCCCCCCCCCCCCCNC(=O)C(CCCCCOC(=O)CCC(C)CCCCC)NC1CCN(C)CC1,4,-38664.61354126367,1,3
CCCCCCCCCCCCCCCCNC(=O)C(CCCCCOC(=O)CCCCCCCCCC)NCCN(C)C,3,-36213.24271440632,1,2
CCCCCCCCCCCCCCCCNC(=O)C(CCCCCOC(=O)CCCCCCCCC=C)NCCN1CCCCC1,4,-38651.420865188265,1,3
CCCCCCCCCCCCCCCCCC(=O)OCCCCCC(NCCN1CCNCC1)C(=O)NCCCCCCCCCCCC,3,-41252.59023858071,1,2
CCCCCCCCCCCCCCCCCC(=O)OCCCCCC(NN1CCOCC1)C(=O)NCCCCCCCCCCCCCC,6,-41315.648727545486,1,5
CCCCCCCCCCC(=O)OCCCCCC(NCCN(C(C)C)C(C)C)C(=O)NCCCCCCCC\C=C/CCCCCCCC,4,-41123.74713178735,1,3
CCCCCCCCCCCCNC(=O)C(CCCCCOC(=O)CCCCCCCC)NCCCN1CCCC1,5,-33740.31535873808,1,4
CCCCCCCCCCCCCCCCCCNC(=O)C(CCCCCOC(=O)CCCCCCCCCCCCCCC)NC1CCN(C)CC1,5,-43587.9486405595,1,4
CCCCCCCCCCCCNC(=O)C(CCCCCOC(=O)CCCCCCCC)NC1=CNN=C1,6,-31314.867335937437,1,5
CCCCCCCCCCCCCCCCCCNC(=O)C(CCCCCOC(=O)CCCCCCCCC#C)NCCCN(CC)CC,6,-40293.51128990629,1,5
CCCCCCCCCCCCNC(=O)C(CCCCCOC(=O)CCCCCCC\C=C/CCCCCCCC)NCCN1CCNCC1,2,-41240.24668461043,1,1
CCCCCCCCCCCCCCNC(=O)C(CCCCCOC(=O)\C=C\CCCCCCC)NCCN1CCNCC1,3,-36316.86019108192,1,2
CCCCCCCCCCCCNC(=O)C(CCCCCOC(=O)CCCCCCCCCC)NCCCN(C)CCCN,3,-36342.29363266226,1,2
CCCCCCCCCCCCCCNC(=O)C(CCCCCOC(=O)\C=C\CCCCCCC)NCCN(CCN)CCN,5,-37277.36700561207,1,4
CCCCCCCCCCCCCCCCCC(=O)OCCCCCC(NC1CCN(C)CC1)C(=O)NCCCCCCCC\C=C/CCCCCCCC,5,-45216.73913167306,1,4
CCCCCCCC\C=C/CCCCCCCCNC(=O)C(CCCCCOC(=O)CCCCCCCCC#C)NC1CCNCC1,3,-38627.96721883198,1,2
CCCCCCCCCCCCCCCCNC(=O)C(CCCCCOC(=O)CCCCCCCC)NCCN(C)C,2,-34572.02375711197,1,1
CCCCCCCCCCCCNC(=O)C(CCCCCOC(=O)CCC(C)CCCCC)NCCN(C(C)C)C(C)C,6,-35392.26900706669,1,5
CCCCCCCCCCCCCCNC(=O)C(CCCCCOC(=O)\C=C\CCCCCCC)NC1=CNN=C1,5,-33766.2225210718,1,4
CCCCCCCCCCCCNC(=O)C(CCCCCOC(=O)CCCCCCC\C=C/C\C=C/CCCCC)NCCCN(C)C,3,-39472.2135754476,1,2
CCCCCCCCCCCCCCNC(=O)C(CCCCCOC(=O)CCCCCCC\C=C/C\C=C/CCCCC)NCCN(CC)CC,8,-41934.08670202622,1,7
CCCCCCCCCCCCCCCCNC(=O)C(CCCCCOC(=O)\C=C\CCCCCCC)NC1CCN(C)CC1,4,-37010.867798386884,1,3
CCCCCCCCCCCCCCCCCC(=O)OCCCCCC(NCCN(CC)CC)C(=O)NCCCCCCCCCCCC,6,-40316.678916185054,1,5
CCCCCCCCCCCCCCNC(=O)C(CCCCCOC(=O)CCCCCCCCC)NC1CCNCC1,2,-34561.000811468344,1,1
CCCCCCCCCCCCCCCC(=O)OCCCCCC(NC1=CNN=C1)C(=O)NCCCCCCCCCCCC,6,-37059.05324332084,1,5
CCCCCCCCCCCCCCCCNC(=O)C(CCCCCOC(=O)CCC(C)CCCCC)NC1=CNN=C1,5,-35418.12254063587,1,4
CCCCCCCCCCCCCCCCNC(=O)C(CCCCCOC(=O)CCCCCCCCC#C)NCCN(CCN)CCN,5,-39727.79486002636,1,4
CCCCCCCCCCCCCCCCNC(=O)C(CCCCCOC(=O)CCCCCCCCC#C)NCCCN(CCCC)CCCC,4,-41933.88559415922,1,3
CCCCCCCC\C=C/CCCCCCCCNC(=O)C(CCCCCOC(=O)\C=C\CCCCCCC)NC1CCN(C)CC1,6,-38639.76107796579,1,5
CCCCCCCCCCCCCCCCCC(=O)OCCCCCC(NCCCN1CCOCC1)C(=O)NCCCCCCCCCCCCCC,6,-43844.78573204111,1,5
CCCCCCCCCCCCCCCCNC(=O)C(CCCCCOC(=O)CCCCCCC\C=C/CCCCCCCC)NCCCN1CCOCC1,3,-45473.58069221838,1,2
CCCCCCCCCCCCCCCCCCNC(=O)C(CCCCCOC(=O)\C=C\CCCCCCC)NCCN(CCN)CCN,5,-40559.608281397464,1,4
CCCCCCCCCCCCCCCCNC(=O)C(CCCCCOC(=O)CCCCCCCCC=C)NCCN1CCNCC1,3,-38778.77577376581,1,2
CCCCCCCCCCCCCCCCCCNC(=O)C(CCCCCOC(=O)\C=C\CCCCCCC)NCCCN(C)CCCN,3,-40432.85222735722,1,2
CCCCCCCC\C=C/CCCCCCCCNC(=O)C(CCCCCOC(=O)CCCCCCC\C=C/C\C=C/CCCCC)NC1CCN(C)CC1,3,-45192.86092426421,1,2
CCCCCCCCCCCCCCCCNC(=O)C(CCCCCOC(=O)\C=C\CCCCCCC)NCCN(C(C)C)C(C)C,5,-38661.99466992892,1,4
CCCCCCCCCCCCCCCCNC(=O)C(CCCCCOC(=O)CCCCCCCCCCCCCCC)NC1=CC(C)=NN1C,5,-41916.83611610106,1,4
CCCCCCCCCCCCCCCCCC(=O)OCCCCCC(NCC1CCCN1CC)C(=O)NCCCCCCCCCCCCCC,3,-42766.68220954679,1,2
CCCCCCCCCCCCCCCCCCNC(=O)C(CCCCCOC(=O)CCCCCCC\C=C/CCCCCCCC)NCCCN1CCOCC1,3,-47114.772835130454,1,2
CCCCCCCCCCCCNC(=O)C(CCCCCOC(=O)CCCCCCCCC=C)NCCN1CCNCC1,3,-35496.40266060093,1,2
CCCCCCCCCCCCNC(=O)C(CCCCCOC(=O)CCCCCCCCC)NCC1CCCN1CC,3,-34560.741605773095,1,2
CCCCCCCC\C=C/CCCCCCCCNC(=O)C(CCCCCOC(=O)CCCCCCC\C=C/C\C=C/CCCCC)NC1=CC(C)=NN1C,2,-45163.22209373165,1,1
CCCCCCCCCCCCNC(=O)C(CCCCCOC(=O)CCCCCCC\C=C/C\C=C/CCCCC)NCCN(C)C,5,-38651.23763357611,1,4
CCCCCCCCCCCCCCCCCCNC(=O)C(CCCCCOC(=O)CCCCCCCC)NC1=CC(C)=NN1C,5,-37813.802130056334,1,4
CCCCCCCCCCCCCCCCCCNC(=O)C(CCCCCOC(=O)CCCCCCCCCC)NCCCN(C)CCCN,3,-41265.8141981021,1,2
CCCCCCCCCCCCCCCCCCNC(=O)C(CCCCCOC(=O)CCCCCCC\C=C/CCCCCCCC)NCCCN(C)CCCN,2,-46997.66995870636,1,1
CCCCCCCCCCCCCCCCNC(=O)C(CCCCCOC(=O)CCCCCCCCC)NC1=CC(C)=NN1C,6,-36993.201589536584,1,5
CCCCCCCCCCCCCCCCCCNC(=O)C(CCCCCOC(=O)CCCCCCC\C=C/CCCCCCCC)NCCCN(CCCC)CCCC,3,-49330.44077279638,1,2
CCCCCCCCCCCCCCCCCCNC(=O)C(CCCCCOC(=O)CCCCCCCC)NCCN1CCNCC1,2,-38790.80649327631,1,1
CCCCCCCCCCCCCCCCCCNC(=O)C(CCCCCOC(=O)CCCCCCC\C=C/C\C=C/CCCCC)NCCCN(CCCC)CCCC,2,-49319.0178459506,1,1
CCCCCCCCCCCCCCCCNC(=O)C(CCCCCOC(=O)CCCCCCC\C=C/C\C=C/CCCCC)NC1CCN(C)CC1,3,-43564.119592851486,1,2
CCCCCCCC\C=C/CCCCCCCCNC(=O)C(CCCCCOC(=O)CCCCCCCCC#C)NCCCN(CCCC)CCCC,6,-43562.729714037305,1,5
CCCCCCCCCCCCNC(=O)C(CCCCCOC(=O)CCC(C)CCCCC)NN1CCOCC1,5,-33110.235473289715,1,4
CCCCCCCCCCCCCCCCNC(=O)C(CCCCCOC(=O)CCCCCCCCCCCCCCC)NCCN1CCCCC1,5,-42766.400658532984,1,4
CCCCCCCCCCCCNC(=O)C(CCCCCOC(=O)CCCCCCC\C=C/CCCCCCCC)NN1CCCCC1,4,-39405.70496929779,1,3
CCCCCCCCCCCCCCCCCC(=O)OCCCCCC(NCCN1CCCCC1)C(=O)NCCCCCCCCCCCC,6,-41125.212984684615,1,5
CCCCCCCCCCCCCCCCNC(=O)C(CCCCCOC(=O)CCCCCCCCCCCCCCC)NCCN(CC)CC,4,-41957.879997224554,1,3
CCCCCCCC\C=C/CCCCCCCCNC(=O)C(CCCCCOC(=O)CCC(C)CCCCC)NCCN(CC)CC,8,-38663.42923938021,1,7
CCCCCCCCCCCCCCNC(=O)C(CCCCCOC(=O)CCCCCCC\C=C/C\C=C/CCCCC)NN1CCCCC1,3,-41035.57250476573,1,2
CCCCCCCCCCCCNC(=O)C(CCCCCOC(=O)CCCCCCCCC)NC1CCN(C)CC1,6,-33740.800252150744,1,5
CCCCCCCCCCCCCCCCNC(=O)C(CCCCCOC(=O)CCCCCCCCC#C)NCCCN(C)C,5,-37010.70691209328,1,4
CCCCCCCC\C=C/CCCCCCCCNC(=O)C(CCCCCOC(=O)CCCCCCC\C=C/C\C=C/CCCCC)NCCN(CC)CC,5,-45204.096150434125,1,4
CCCCCCCC\C=C/CCCCCCCCNC(=O)C(CCCCCOC(=O)CCCCCCCCC=C)NN1CCCCC1,5,-38573.252471815984,1,4
CCCCCCCCCCCCCCCCNC(=O)C(CCCCCOC(=O)CCCCCCC\C=C/C\C=C/CCCCC)NCCN1CCNCC1,4,-44511.14547669685,1,3
CCCCCCCCCCCCCCCCCCNC(=O)C(CCCCCOC(=O)CCCCCCCCC=C)NCCN1CCCCC1,4,-40292.57725559065,1,3
CCCCCCCCCCCCNC(=O)C(CCCCCOC(=O)CCCCCCC\C=C/C\C=C/CCCCC)NCCCN1CCCC1,7,-41101.884472112244,1,6
CCCCCCCCCCCCCCCCCCNC(=O)C(CCCCCOC(=O)CCC(C)CCCCC)NN1CCCCC1,5,-37777.053019159284,1,4
CCCCCCCCCCCCCCCCCC(=O)OCCCCCC(NC1CCN(C)CC1)C(=O)NCCCCCCCCCCCCCCCC,5,-43587.9486405595,1,4
CCCCCCCCCCCCCCCCNC(=O)C(CCCCCOC(=O)CCCCCCC\C=C/C\C=C/CCCCC)NCCCN(CC)CC,6,-44396.259255873505,1,5
CCCCCCCCCCCCCCCCNC(=O)C(CCCCCOC(=O)CCCCCCC\C=C/CCCCCCCC)NCCCN(C)CCCN,2,-45356.47781579428,1,1
CCCCCCCCCCCCCCCCNC(=O)C(CCCCCOC(=O)CCC(C)CCCCC)NC1CCN(C)CC1,4,-37023.434805542725,1,3
CCCCCCCCCCCCCCCCNC(=O)C(CCCCCOC(=O)\C=C\CCCCCCC)NCCCN1CCCC1,4,-37830.949927516136,1,3
CCCCCCCCCCCCCCCCCCNC(=O)C(CCCCCOC(=O)CCCCCCC\C=C/C\C=C/CCCCC)NN1CCOCC1,3,-44574.45423322945,1,2
CCCCCCCCCCCCCCCCNC(=O)C(CCCCCOC(=O)CCCCCCCCCCCCCCC)NCCN1CCNCC1,2,-42893.786850556506,1,1
CCCCCCCCCCCCCCNC(=O)C(CCCCCOC(=O)CCC(C)CCCCC)NCC1CCCN1CC,3,-36202.215299698975,1,2
CCCCCCCC\C=C/CCCCCCCCNC(=O)C(CCCCCOC(=O)CCCCCCC\C=C/CCCCCCCC)NCCN(C(C)C)C(C)C,3,-46855.52691830852,1,2
CCCCCCCCCCCCCCNC(=O)C(CCCCCOC(=O)\C=C\CCCCCCC)NCCCN(CCCC)CCCC,7,-39483.261100941636,1,6
CCCCCCCCCCCCNC(=O)C(CCCCCOC(=O)CCCCCCCCCC)NC1CCNCC1,4,-33740.400270948594,1,3
CCCCCCCC\C=C/CCCCCCCCNC(=O)C(CCCCCOC(=O)CCCCCCCCC=C)NCCN1CCNCC1,3,-40407.534981433375,1,2
CCCCCCCC\C=C/CCCCCCCCNC(=O)C(CCCCCOC(=O)\C=C\CCCCCCC)NCCN(CC)CC,5,-38650.790727204985,1,4
